protein_id,sequence,protein_name,virus,length
sp|A0A0M3Q1Q3|GTPS1_THYVU,MRRSGNYQAPVWNNDFIQSFSTDKYKDEKFLKKKEELIAQVKVLLNTKMEAVKQLELIEDLRNLGLTYYFEDEFKKILTSIYNEHKGFKNEQVGDLYFTSLAFRLLRLHGFDVSEDVFNFFKNEDGSDFKASLGENTKDVLELYEASFLIRVGEVTLEQARVFSTKILEKKVEEGIKDEKLLAWIQHSLALPLHWRIQRLEARWFLDAYKARKDMNPIIYELGKIDFHIIQETQLQEVQEVSQWWTNTNLAEKLPFVRDRIVECYFWALGLFEPHEYGYQRKMAAIIITFVTIIDDVYDVYDTLDELQLFTDAIRKWDVESISTLPYYMQVCYLAVFTYASELAYDILKDQGFNSISYLQRSWLSLVEGFFQEAKWYYAGYTPTLAEYLENAKVSISSPTIISQVYFTLPNSTERTVVENVFGYHNILYLSGMILRLADDLGTTQFELKRGDVQKAIQCYMNDNNATEEEGTEHVKYLLREAWQEMNSAMADPDCPLSEDLVFAAANLGRTSQFIYLDGDGHGVQHSEIHNQMGGLIFEPYV,sp|A0A0M3Q1Q3|GTPS1_THYVU Gamma-terpinene synthase 1 OS=Thymus vulgaris OX=49992 GN=TPS1 PE=1 SV=1,SARS-CoV-2,542
sp|A3EX94|SPIKE_BCHK4,MTLLMCLLMSLLIFVRGCDSQFVDMSPASNTSECLESQVDAAAFSKLMWPYPIDPSKVDGIIYPLGRTYSNITLAYTGLFPLQGDLGSQYLYSVSHAVGHDGDPTKAYISNYSLLVNDFDNGFVVRIGAAANSTGTIVISPSVNTKIKKAYPAFILGSSLTNTSAGQPLYANYSLTIIPDGCGTVLHAFYCILKPRTVNRCPSGTGYVSYFIYETVHNDCQSTINRNASLNSFKSFFDLVNCTFFNSWDITADETKEWFGITQDTQGVHLYSSRKGDLYGGNMFRFATLPVYEGIKYYTVIPRSFRSKANKREAWAAFYVYKLHQLTYLLDFSVDGYIRRAIDCGHDDLSQLHCSYTSFEVDTGVYSVSSYEASATGTFIEQPNATECDFSPMLTGVAPQVYNFKRLVFSNCNYNLTKLLSLFAVDEFSCNGISPDSIARGCYSTLTVDYFAYPLSMKSYIRPGSAGNIPLYNYKQSFANPTCRVMASVLANVTITKPHAYGYISKCSRLTGANQDVETPLYINPGEYSICRDFSPGGFSEDGQVFKRTLTQFEGGGLLIGVGTRVPMTDNLQMSFIISVQYGTGTDSVCPMLDLGDSLTITNRLGKCVDYSLYGVTGRGVFQNCTAVGVKQQRFVYDSFDNLVGYYSDDGNYYCVRPCVSVPVSVIYDKSTNLHATLFGSVACEHVTTMMSQFSRLTQSNLRRRDSNIPLQTAVGCVIGLSNNSLVVSDCKLPLGQSLCAVPPVSTFRSYSASQFQLAVLNYTSPIVVTPINSSGFTAAIPTNFSFSVTQEYIETSIQKVTVDCKQYVCNGFTRCEKLLVEYGQFCSKINQALHGANLRQDESVYSLYSNIKTTSTQTLEYGLNGDFNLTLLQVPQIGGSSSSYRSAIEDLLFDKVTIADPGYMQGYDDCMKQGPQSARDLICAQYVSGYKVLPPLYDPNMEAAYTSSLLGSIAGAGWTAGLSSFAAIPFAQSMFYRLNGVGITQQVLSENQKLIANKFNQALGAMQTGFTTSNLAFSKVQDAVNANAQALSKLASELSNTFGAISSSISDILARLDTVEQDAQIDRLINGRLISLNAFVSQQLVRSETAARSAQLASDKVNECVKSQSKRNGFCGSGTHIVSFVVNAPNGFYFFHVGYVPTNYTNVTAAYGLCNNNNPPLCIAPIDGYFITNQTTTYSVDTEWYYTGSSFYKPEPITQANSRYVSSDVKFDKLENNLPPPLLENSTDVDFKDELEEFFKNVTSHGPNFAEISKINTTLLDLSDEMAMLQEVVKQLNDSYIDLKELGNYTYYNKWPWYVWLGFIAGLVALLLCVFFLLCCTGCGTSCLGKMKCKNCCDSYEEYDVEKIHVH,Spike glycoprotein,SARS-CoV-2,1352
sp|A3EXD0|SPIKE_BCHK5,MIRSVLVLMCSLTFIGNLTRGQSVDMGHNGTGSCLDSQVQPDYFESVHTTWPMPIDTSKAEGVIYPNGKSYSNITLTYTGLYPKANDLGKQYLFSDGHSAPGRLNNLFVSNYSSQVESFDDGFVVRIGAAANKTGTTVISQSTFKPIKKIYPAFLLGHSVGNYTPSNRTGRYLNHTLVILPDGCGTILHAFYCVLHPRTQQNCAGETNFKSLSLWDTPASDCVSGSYNQEATLGAFKVYFDLINCTFRYNYTITEDENAEWFGITQDTQGVHLYSSRKENVFRNNMFHFATLPVYQKILYYTVIPRSIRSPFNDRKAWAAFYIYKLHPLTYLLNFDVEGYITKAVDCGYDDLAQLQCSYESFEVETGVYSVSSFEASPRGEFIEQATTQECDFTPMLTGTPPPIYNFKRLVFTNCNYNLTKLLSLFQVSEFSCHQVSPSSLATGCYSSLTVDYFAYSTDMSSYLQPGSAGAIVQFNYKQDFSNPTCRVLATVPQNLTTITKPSNYAYLTECYKTSAYGKNYLYNAPGAYTPCLSLASRGFSTKYQSHSDGELTTTGYIYPVTGNLQMAFIISVQYGTDTNSVCPMQALRNDTSIEDKLDVCVEYSLHGITGRGVFHNCTSVGLRNQRFVYDTFDNLVGYHSDNGNYYCVRPCVSVPVSVIYDKASNSHATLFGSVACSHVTTMMSQFSRMTKTNLLARTTPGPLQTTVGCAMGFINSSMVVDECQLPLGQSLCAIPPTTSSRVRRATSGASDVFQIATLNFTSPLTLAPINSTGFVVAVPTNFTFGVTQEFIETTIQKITVDCKQYVCNGFKKCEDLLKEYGQFCSKINQALHGANLRQDESIANLFSSIKTQNTQPLQAGLNGDFNLTMLQIPQVTTGERKYRSTIEDLLFNKVTIADPGYMQGYDECMQQGPQSARDLICAQYVAGYKVLPPLYDPYMEAAYTSSLLGSIAGASWTAGLSSFAAIPFAQSIFYRLNGVGITQQVLSENQKIIANKFNQALGAMQTGFTTTNLAFNKVQDAVNANAMALSKLAAELSNTFGAISSSISDILARLDTVEQEAQIDRLINGRLTSLNAFVAQQLVRTEAAARSAQLAQDKVNECVKSQSKRNGFCGTGTHIVSFAINAPNGLYFFHVGYQPTSHVNATAAYGLCNTENPQKCIAPIDGYFVLNQTTSTVADSDQQWYYTGSSFFHPEPITEANSKYVSMDVKFENLTNRLPPPLLSNSTDLDFKEELEEFFKNVSSQGPNFQEISKINTTLLNLNTELMVLSEVVKQLNESYIDLKELGNYTFYQKWPWYIWLGFIAGLVALALCVFFILCCTGCGTSCLGKLKCNRCCDSYDEYEVEKIHVH,Spike glycoprotein,SARS-CoV-2,1352
sp|A3EXG6|SPIKE_BCHK9,MLLILVLGVSLAAASRPECFNPRFTLTPLNHTLNYTSIKAKVSNVLLPDPYIAYSGQTLRQNLFMADMSNTILYPVTPPANGANGGFIYNTSIIPVSAGLFVNTWMYRQPASSRAYCQEPFGVAFGDTFENDRIAILIMAPDNLGSWSAVAPRNQTNIYLLVCSNATLCINPGFNRWGPAGSFIAPDALVDHSNSCFVNNTFSVNISTSRISLAFLFKDGDLLIYHSGWLPTSNFEHGFSRGSHPMTYFMSLPVGGNLPRAQFFQSIVRSNAIDKGDGMCTNFDVNLHVAHLINRDLLVSYFNNGSVANAADCADSAAEELYCVTGSFDPPTGVYPLSRYRAQVAGFVRVTQRGSYCTPPYSVLQDPPQPVVWRRYMLYDCVFDFTVVVDSLPTHQLQCYGVSPRRLASMCYGSVTLDVMRINETHLNNLFNRVPDTFSLYNYALPDNFYGCLHAFYLNSTAPYAVANRFPIKPGGRQSNSAFIDTVINAAHYSPFSYVYGLAVITLKPAAGSKLVCPVANDTVVITDRCVQYNLYGYTGTGVLSKNTSLVIPDGKVFTASSTGTIIGVSINSTTYSIMPCVTVPVSVGYHPNFERALLFNGLSCSQRSRAVTEPVSVLWSASATAQDAFDTPSGCVVNVELRNTTIVNTCAMPIGNSLCFINGSIATANADSLPRLQLVNYDPLYDNSTATPMTPVYWVKVPTNFTLSATEEYIQTTAPKITIDCARYLCGDSSRCLNVLLHYGTFCNDINKALSRVSTILDSALLSLVKELSINTRDEVTTFSFDGDYNFTGLMGCLGPNCGATTYRSAFSDLLYDKVRITDPGFMQSYQKCIDSQWGGSIRDLLCTQTYNGIAVLPPIVSPAMQALYTSLLVGAVASSGYTFGITSAGVIPFATQLQFRLNGIGVTTQVLVENQKLIASSFNNALVNIQKGFTETSIALSKMQDVINQHAAQLHTLVVQLGNSFGAISSSINEIFSRLEGLAANAEVDRLINGRMMVLNTYVTQLLIQASEAKAQNALAAQKISECVKAQSLRNDFCGNGTHVLSIPQLAPNGVLFIHYAYTPTEYAFVQTSAGLCHNGTGYAPRQGMFVLPNNTNMWHFTTMQFYNPVNISASNTQVLTSCSVNYTSVNYTVLEPSVPGDYDFQKEFDKFYKNLSTIFNNTFNPNDFNFSTVDVTAQIKSLHDVVNQLNQSFIDLKKLNVYEKTIKWPWYVWLAMIAGIVGLVLAVIMLMCMTNCCSCFKGMCDCRRCCGSYDSYDDVYPAVRVNKKRTV,Spike glycoprotein,SARS-CoV-2,1274
sp|E2E2P0|GTPS_ORIVU,MATLSMQVSILSKEVKNVNNIGMRASKPMVARRVSTTRLRPICSASLQVEEETRRSGNYQASIWNNDYVQSFNTNQYKDEKHLKKKEELIAQVKILLNTKMEAVKQLELIEDLRNLGLTYYFQDEVKKILTSIYNDHKCFKNEQVGDLYFTSLGFRLLRLHGFDVSEEVFDFFKNEDGSDFKASLGENIKDVLQLYEASFLIREGEVILEQARVFSTKHLEKKVDEGINDEKLLAWIRHSLALPLHWRIQRLEARWFLDAYRARKDMIPLIFELGKIDFHIIQETQLEELQEVSKWWTNSNLAEKLPFVRDRIVECYFWALGLFEPHEYGYQRKMAAIIITFVTIIDDVYDVYGTLDELQLFTDAIRKWDFQSISTLPYYMQVCYLALYTYASELAYDILKDQGFNSIAYLQRSWLSLVEGFFQEAKWYYAGYTPTLAEYLENAKVSISSPTIISQVYFTLPNSTERTVVENVFGYHNILYLSGMILRLADDLGTTQFELKRGDVQKAIQCYMKDNNATEKEGAEHVKYLLREAWKEMNTAMADPECPLSEDLVDAAANLGRASQFIYLEGDGHGVQHSEIHNQMGGLIFEPYV,"sp|E2E2P0|GTPS_ORIVU Gamma-terpinene synthase, chloroplastic OS=Origanum vulgare OX=39352 GN=TPS2 PE=1 SV=1",SARS-CoV-2,594
sp|K9N5Q8|SPIKE_MERS1,MIHSVFLLMFLLTPTESYVDVGPDSVKSACIEVDIQQTFFDKTWPRPIDVSKADGIIYPQGRTYSNITITYQGLFPYQGDHGDMYVYSAGHATGTTPQKLFVANYSQDVKQFANGFVVRIGAAANSTGTVIISPSTSATIRKIYPAFMLGSSVGNFSDGKMGRFFNHTLVLLPDGCGTLLRAFYCILEPRSGNHCPAGNSYTSFATYHTPATDCSDGNYNRNASLNSFKEYFNLRNCTFMYTYNITEDEILEWFGITQTAQGVHLFSSRYVDLYGGNMFQFATLPVYDTIKYYSIIPHSIRSIQSDRKAWAAFYVYKLQPLTFLLDFSVDGYIRRAIDCGFNDLSQLHCSYESFDVESGVYSVSSFEAKPSGSVVEQAEGVECDFSPLLSGTPPQVYNFKRLVFTNCNYNLTKLLSLFSVNDFTCSQISPAAIASNCYSSLILDYFSYPLSMKSDLSVSSAGPISQFNYKQSFSNPTCLILATVPHNLTTITKPLKYSYINKCSRFLSDDRTEVPQLVNANQYSPCVSIVPSTVWEDGDYYRKQLSPLEGGGWLVASGSTVAMTEQLQMGFGITVQYGTDTNSVCPKLEFANDTKIASQLGNCVEYSLYGVSGRGVFQNCTAVGVRQQRFVYDAYQNLVGYYSDDGNYYCLRACVSVPVSVIYDKETKTHATLFGSVACEHISSTMSQYSRSTRSMLKRRDSTYGPLQTPVGCVLGLVNSSLFVEDCKLPLGQSLCALPDTPSTLTPRSVRSVPGEMRLASIAFNHPIQVDQLNSSYFKLSIPTNFSFGVTQEYIQTTIQKVTVDCKQYVCNGFQKCEQLLREYGQFCSKINQALHGANLRQDDSVRNLFASVKSSQSSPIIPGFGGDFNLTLLEPVSISTGSRSARSAIEDLLFDKVTIADPGYMQGYDDCMQQGPASARDLICAQYVAGYKVLPPLMDVNMEAAYTSSLLGSIAGVGWTAGLSSFAAIPFAQSIFYRLNGVGITQQVLSENQKLIANKFNQALGAMQTGFTTTNEAFHKVQDAVNNNAQALSKLASELSNTFGAISASIGDIIQRLDVLEQDAQIDRLINGRLTTLNAFVAQQLVRSESAALSAQLAKDKVNECVKAQSKRSGFCGQGTHIVSFVVNAPNGLYFMHVGYYPSNHIEVVSAYGLCDAANPTNCIAPVNGYFIKTNNTRIVDEWSYTGSSFYAPEPITSLNTKYVAPQVTYQNISTNLPPPLLGNSTGIDFQDELDEFFKNVSTSIPNFGSLTQINTTLLDLTYEMLSLQQVVKALNESYIDLKELGNYTYYNKWPWYIWLGFIAGLVALALCVFFILCCTGCGTNCMGKLKCNRCCDRYEEYDLEPHKVHVH,Spike glycoprotein,SARS-CoV-2,1353
sp|O14786|NRP1_HUMAN,MERGLPLLCAVLALVLAPAGAFRNDKCGDTIKIESPGYLTSPGYPHSYHPSEKCEWLIQAPDPYQRIMINFNPHFDLEDRDCKYDYVEVFDGENENGHFRGKFCGKIAPPPVVSSGPFLFIKFVSDYETHGAGFSIRYEIFKRGPECSQNYTTPSGVIKSPGFPEKYPNSLECTYIVFVPKMSEIILEFESFDLEPDSNPPGGMFCRYDRLEIWDGFPDVGPHIGRYCGQKTPGRIRSSSGILSMVFYTDSAIAKEGFSANYSVLQSSVSEDFKCMEALGMESGEIHSDQITASSQYSTNWSAERSRLNYPENGWTPGEDSYREWIQVDLGLLRFVTAVGTQGAISKETKKKYYVKTYKIDVSSNGEDWITIKEGNKPVLFQGNTNPTDVVVAVFPKPLITRFVRIKPATWETGISMRFEVYGCKITDYPCSGMLGMVSGLISDSQITSSNQGDRNWMPENIRLVTSRSGWALPPAPHSYINEWLQIDLGEEKIVRGIIIQGGKHRENKVFMRKFKIGYSNNGSDWKMIMDDSKRKAKSFEGNNNYDTPELRTFPALSTRFIRIYPERATHGGLGLRMELLGCEVEAPTAGPTTPNGNLVDECDDDQANCHSGTGDDFQLTGGTTVLATEKPTVIDSTIQSEFPTYGFNCEFGWGSHKTFCHWEHDNHVQLKWSVLTSKTGPIQDHTGDGNFIYSQADENQKGKVARLVSPVVYSQNSAHCMTFWYHMSGSHVGTLRVKLRYQKPEEYDQLVWMAIGHQGDHWKEGRVLLHKSLKLYQVIFEGEIGKGNLGGIAVDDISINNHISQEDCAKPADLDKKNPEIKIDETGSTPGYEGEGEGDKNISRKPGNVLKTLDPILITIIAMSALGVLLGAVCGVVLYCACWHNGMSERNLSALENYNFELVDGVKLKKDKLNTQSTYSEA,sp|O14786|NRP1_HUMAN Neuropilin-1 OS=Homo sapiens OX=9606 GN=NRP1 PE=1 SV=3,SARS-CoV-2,923
sp|O15393|TMPS2_HUMAN,MALNSGSPPAIGPYYENHGYQPENPYPAQPTVVPTVYEVHPAQYYPSPVPQYAPRVLTQASNPVVCTQPKSPSGTVCTSKTKKALCITLTLGTFLVGAALAAGLLWKFMGSKCSNSGIECDSSGTCINPSNWCDGVSHCPGGEDENRCVRLYGPNFILQVYSSQRKSWHPVCQDDWNENYGRAACRDMGYKNNFYSSQGIVDDSGSTSFMKLNTSAGNVDIYKKLYHSDACSSKAVVSLRCIACGVNLNSSRQSRIVGGESALPGAWPWQVSLHVQNVHVCGGSIITPEWIVTAAHCVEKPLNNPWHWTAFAGILRQSFMFYGAGYQVEKVISHPNYDSKTKNNDIALMKLQKPLTFNDLVKPVCLPNPGMMLQPEQLCWISGWGATEEKGKTSEVLNAAKVLLIETQRCNSRYVYDNLITPAMICAGFLQGNVDSCQGDSGGPLVTSKNNIWWLIGDTSWGSGCAKAYRPGVYGNVMVFTDWIYRQMRADG,sp|O15393|TMPS2_HUMAN Transmembrane protease serine 2 OS=Homo sapiens OX=9606 GN=TMPRSS2 PE=1 SV=3,SARS-CoV-2,492
sp|O60603|TLR2_HUMAN,MPHTLWMVWVLGVIISLSKEESSNQASLSCDRNGICKGSSGSLNSIPSGLTEAVKSLDLSNNRITYISNSDLQRCVNLQALVLTSNGINTIEEDSFSSLGSLEHLDLSYNYLSNLSSSWFKPLSSLTFLNLLGNPYKTLGETSLFSHLTKLQILRVGNMDTFTKIQRKDFAGLTFLEELEIDASDLQSYEPKSLKSIQNVSHLILHMKQHILLLEIFVDVTSSVECLELRDTDLDTFHFSELSTGETNSLIKKFTFRNVKITDESLFQVMKLLNQISGLLELEFDDCTLNGVGNFRASDNDRVIDPGKVETLTIRRLHIPRFYLFYDLSTLYSLTERVKRITVENSKVFLVPCLLSQHLKSLEYLDLSENLMVEEYLKNSACEDAWPSLQTLILRQNHLASLEKTGETLLTLKNLTNIDISKNSFHSMPETCQWPEKMKYLNLSSTRIHSVTGCIPKTLEILDVSNNNLNLFSLNLPQLKELYISRNKLMTLPDASLLPMLLVLKISRNAITTFSKEQLDSFHTLKTLEAGGNNFICSCEFLSFTQEQQALAKVLIDWPANYLCDSPSHVRGQQVQDVRLSVSECHRTALVSGMCCALFLLILLTGVLCHRFHGLWYMKMMWAWLQAKRKPRKAPSRNICYDAFVSYSERDAYWVENLMVQELENFNPPFKLCLHKRDFIPGKWIIDNIIDSIEKSHKTVFVLSENFVKSEWCKYELDFSHFRLFDENNDAAILILLEPIEKKAIPQRFCKLRKIMNTKTYLEWPMDEAQREGFWVNLRAAIKS,sp|O60603|TLR2_HUMAN Toll-like receptor 2 OS=Homo sapiens OX=9606 GN=TLR2 PE=1 SV=1,SARS-CoV-2,784
sp|P01185|NEU2_HUMAN,MPDTMLPACFLGLLAFSSACYFQNCPRGGKRAMSDLELRQCLPCGPGGKGRCFGPSICCADELGCFVGTAEALRCQEENYLPSPCQSGQKACGSGGRCAAFGVCCNDESCVTEPECREGFHRRARASDRSNATQLDGPAGALLLRLVQLAGAPEPFEPAQPDAY,sp|P01185|NEU2_HUMAN Vasopressin-neurophysin 2-copeptin OS=Homo sapiens OX=9606 GN=AVP PE=1 SV=2,SARS-CoV-2,164
sp|P02786|TFR1_HUMAN,MMDQARSAFSNLFGGEPLSYTRFSLARQVDGDNSHVEMKLAVDEEENADNNTKANVTKPKRCSGSICYGTIAVIVFFLIGFMIGYLGYCKGVEPKTECERLAGTESPVREEPGEDFPAARRLYWDDLKRKLSEKLDSTDFTGTIKLLNENSYVPREAGSQKDENLALYVENQFREFKLSKVWRDQHFVKIQVKDSAQNSVIIVDKNGRLVYLVENPGGYVAYSKAATVTGKLVHANFGTKKDFEDLYTPVNGSIVIVRAGKITFAEKVANAESLNAIGVLIYMDQTKFPIVNAELSFFGHAHLGTGDPYTPGFPSFNHTQFPPSRSSGLPNIPVQTISRAAAEKLFGNMEGDCPSDWKTDSTCRMVTSESKNVKLTVSNVLKEIKILNIFGVIKGFVEPDHYVVVGAQRDAWGPGAAKSGVGTALLLKLAQMFSDMVLKDGFQPSRSIIFASWSAGDFGSVGATEWLEGYLSSLHLKAFTYINLDKAVLGTSNFKVSASPLLYTLIEKTMQNVKHPVTGQFLYQDSNWASKVEKLTLDNAAFPFLAYSGIPAVSFCFCEDTDYPYLGTTMDTYKELIERIPELNKVARAAAEVAGQFVIKLTHDVELNLDYERYNSQLLSFVRDLNQYRADIKEMGLSLQWLYSARGDFFRATSRLTTDFGNAEKTDRFVMKKLNDRVMRVEYHFLSPYVSPKESPFRHVFWGSGSHTLPALLENLKLRKQNNGAFNETLFRNQLALATWTIQGAANALSGDVWDIDNEF,sp|P02786|TFR1_HUMAN Transferrin receptor protein 1 OS=Homo sapiens OX=9606 GN=TFRC PE=1 SV=2,SARS-CoV-2,760
sp|P05556|ITB1_HUMAN,MNLQPIFWIGLISSVCCVFAQTDENRCLKANAKSCGECIQAGPNCGWCTNSTFLQEGMPTSARCDDLEALKKKGCPPDDIENPRGSKDIKKNKNVTNRSKGTAEKLKPEDITQIQPQQLVLRLRSGEPQTFTLKFKRAEDYPIDLYYLMDLSYSMKDDLENVKSLGTDLMNEMRRITSDFRIGFGSFVEKTVMPYISTTPAKLRNPCTSEQNCTSPFSYKNVLSLTNKGEVFNELVGKQRISGNLDSPEGGFDAIMQVAVCGSLIGWRNVTRLLVFSTDAGFHFAGDGKLGGIVLPNDGQCHLENNMYTMSHYYDYPSIAHLVQKLSENNIQTIFAVTEEFQPVYKELKNLIPKSAVGTLSANSSNVIQLIIDAYNSLSSEVILENGKLSEGVTISYKSYCKNGVNGTGENGRKCSNISIGDEVQFEISITSNKCPKKDSDSFKIRPLGFTEEVEVILQYICECECQSEGIPESPKCHEGNGTFECGACRCNEGRVGRHCECSTDEVNSEDMDAYCRKENSSEICSNNGECVCGQCVCRKRDNTNEIYSGKFCECDNFNCDRSNGLICGGNGVCKCRVCECNPNYTGSACDCSLDTSTCEASNGQICNGRGICECGVCKCTDPKFQGQTCEMCQTCLGVCAEHKECVQCRAFNKGEKKDTCTQECSYFNITKVESRDKLPQPVQPDPVSHCKEKDVDDCWFYFTYSVNGNNEVMVHVVENPECPTGPDIIPIVAGVVAGIVLIGLALLLIWKLLMIIHDRREFAKFEKEKMNAKWDTGENPIYKSAVTTVVNPKYEGK,sp|P05556|ITB1_HUMAN Integrin beta-1 OS=Homo sapiens OX=9606 GN=ITGB1 PE=1 SV=2,SARS-CoV-2,798
sp|P07306|ASGR1_HUMAN,MTKEYQDLQHLDNEESDHHQLRKGPPPPQPLLQRLCSGPRLLLLSLGLSLLLLVVVCVIGSQNSQLQEELRGLRETFSNFTASTEAQVKGLSTQGGNVGRKMKSLESQLEKQQKDLSEDHSSLLLHVKQFVSDLRSLSCQMAALQGNGSERTCCPVNWVEHERSCYWFSRSGKAWADADNYCRLEDAHLVVVTSWEEQKFVQHHIGPVNTWMGLHDQNGPWKWVDGTDYETGFKNWRPEQPDDWYGHGLGGGEDCAHFTDDGRWNDDVCQRPYRWVCETELDKASQEPPLL,sp|P07306|ASGR1_HUMAN Asialoglycoprotein receptor 1 OS=Homo sapiens OX=9606 GN=ASGR1 PE=1 SV=2,SARS-CoV-2,291
sp|P07711|CATL1_HUMAN,MNPTLILAAFCLGIASATLTFDHSLEAQWTKWKAMHNRLYGMNEEGWRRAVWEKNMKMIELHNQEYREGKHSFTMAMNAFGDMTSEEFRQVMNGFQNRKPRKGKVFQEPLFYEAPRSVDWREKGYVTPVKNQGQCGSCWAFSATGALEGQMFRKTGRLISLSEQNLVDCSGPQGNEGCNGGLMDYAFQYVQDNGGLDSEESYPYEATEESCKYNPKYSVANDTGFVDIPKQEKALMKAVATVGPISVAIDAGHESFLFYKEGIYFEPDCSSEDMDHGVLVVGYGFESTESDNNKYWLVKNSWGEEWGMGGYVKMAKDRRNHCGIASAASYPTV,sp|P07711|CATL1_HUMAN Procathepsin L OS=Homo sapiens OX=9606 GN=CTSL PE=1 SV=2,SARS-CoV-2,333
sp|P08648|ITA5_HUMAN,MGSRTPESPLHAVQLRWGPRRRPPLLPLLLLLLPPPPRVGGFNLDAEAPAVLSGPPGSFFGFSVEFYRPGTDGVSVLVGAPKANTSQPGVLQGGAVYLCPWGASPTQCTPIEFDSKGSRLLESSLSSSEGEEPVEYKSLQWFGATVRAHGSSILACAPLYSWRTEKEPLSDPVGTCYLSTDNFTRILEYAPCRSDFSWAAGQGYCQGGFSAEFTKTGRVVLGGPGSYFWQGQILSATQEQIAESYYPEYLINLVQGQLQTRQASSIYDDSYLGYSVAVGEFSGDDTEDFVAGVPKGNLTYGYVTILNGSDIRSLYNFSGEQMASYFGYAVAATDVNGDGLDDLLVGAPLLMDRTPDGRPQEVGRVYVYLQHPAGIEPTPTLTLTGHDEFGRFGSSLTPLGDLDQDGYNDVAIGAPFGGETQQGVVFVFPGGPGGLGSKPSQVLQPLWAASHTPDFFGSALRGGRDLDGNGYPDLIVGSFGVDKAVVYRGRPIVSASASLTIFPAMFNPEERSCSLEGNPVACINLSFCLNASGKHVADSIGFTVELQLDWQKQKGGVRRALFLASRQATLTQTLLIQNGAREDCREMKIYLRNESEFRDKLSPIHIALNFSLDPQAPVDSHGLRPALHYQSKSRIEDKAQILLDCGEDNICVPDLQLEVFGEQNHVYLGDKNALNLTFHAQNVGEGGAYEAELRVTAPPEAEYSGLVRHPGNFSSLSCDYFAVNQSRLLVCDLGNPMKAGASLWGGLRFTVPHLRDTKKTIQFDFQILSKNLNNSQSDVVSFRLSVEAQAQVTLNGVSKPEAVLFPVSDWHPRDQPQKEEDLGPAVHHVYELINQGPSSISQGVLELSCPQALEGQQLLYVTRVTGLNCTTNHPINPKGLELDPEGSLHHQQKREAPSRSSASSGPQILKCPEAECFRLRCELGPLHQQESQSLQLHFRVWAKTFLQREHQPFSLQCEAVYKALKMPYRILPRQLPQKERQVATAVQWTKAEGSYGVPLWIIILAILFGLLLLGLLIYILYKLGFFKRSLPYGTAMEKAQLKPPATSDA,sp|P08648|ITA5_HUMAN Integrin alpha-5 OS=Homo sapiens OX=9606 GN=ITGA5 PE=1 SV=2,SARS-CoV-2,1049
sp|P09958|FURIN_HUMAN,MELRPWLLWVVAATGTLVLLAADAQGQKVFTNTWAVRIPGGPAVANSVARKHGFLNLGQIFGDYYHFWHRGVTKRSLSPHRPRHSRLQREPQVQWLEQQVAKRRTKRDVYQEPTDPKFPQQWYLSGVTQRDLNVKAAWAQGYTGHGIVVSILDDGIEKNHPDLAGNYDPGASFDVNDQDPDPQPRYTQMNDNRHGTRCAGEVAAVANNGVCGVGVAYNARIGGVRMLDGEVTDAVEARSLGLNPNHIHIYSASWGPEDDGKTVDGPARLAEEAFFRGVSQGRGGLGSIFVWASGNGGREHDSCNCDGYTNSIYTLSISSATQFGNVPWYSEACSSTLATTYSSGNQNEKQIVTTDLRQKCTESHTGTSASAPLAAGIIALTLEANKNLTWRDMQHLVVQTSKPAHLNANDWATNGVGRKVSHSYGYGLLDAGAMVALAQNWTTVAPQRKCIIDILTEPKDIGKRLEVRKTVTACLGEPNHITRLEHAQARLTLSYNRRGDLAIHLVSPMGTRSTLLAARPHDYSADGFNDWAFMTTHSWDEDPSGEWVLEIENTSEANNYGTLTKFTLVLYGTAPEGLPVPPESSGCKTLTSSQACVVCEEGFSLHQKSCVQHCPPGFAPQVLDTHYSTENDVETIRASVCAPCHASCATCQGPALTDCLSCPSHASLDPVEQTCSRQSQSSRESPPQQQPPRLPPEVEAGQRLRAGLLPSHLPEVVAGLSCAFIVLVFVTVFLVLQLRSGFSFRGVKVYTMDRGLISYKGLPPEAWQEECPSDSEEDEGRGERTAFIKDQSAL,sp|P09958|FURIN_HUMAN Furin OS=Homo sapiens OX=9606 GN=FURIN PE=1 SV=2,SARS-CoV-2,794
sp|P0C6V0|R1A_CVMA5,MAKMGKYGLGFKWAPEFPWMLPNASEKLGNPERSEEDGFCPSAAQEPKVKGKTLVNHVRVNCSRLPALECCVQSAIIRDIFVDEDPQKVEASTMMALQFGSAVLVKPSKRLSIQAWTNLGVLPKTAAMGLFKRVCLCNTRECSCDAHVAFHLFTVQPDGVCLGNGRFIGWFVPVTAIPEYAKQWLQPWSILLRKGGNKGSVTSGHFRRAVTMPVYDFNVEDACEEVHLNPKGKYSCKAYALLKGYRGVKPILFVDQYGCDYTGCLAKGLEDYGDLTLSEMKELFPVWRDSLDSEVLVAWHVDRDPRAAMRLQTLATVRCIDYVGQPTEDVVDGDVVVREPAHLLAANAIVKRLPRLVETMLYTDSSVTEFCYKTKLCECGFITQFGYVDCCGDTCDFRGWVAGNMMDGFPCPGCTKNYMPWELEAQSSGVIPEGGVLFTQSTDTVNRESFKLYGHAVVPFGSAVYWSPCPGMWLPVIWSSVKSYSGLTYTGVVGCKAIVQETDAICRSLYMDYVQHKCGNLEQRAILGLDDVYHRQLLVNRGDYSLLLENVDLFVKRRAEFACKFATCGDGLVPLLLDGLVPRSYYLIKSGQAFTSMMVNFSHEVTDMCMDMALLFMHDVKVATKYVKKVTGKLAVRFKALGVAVVRKITEWFDLAVDIAASAAGWLCYQLVNGLFAVANGVITFVQEVPELVKNFVDKFKAFFKVLIDSMSVSILSGLTVVKTASNRVCLAGSKVYEVVQKSLSAYVMPVGCSEATCLVGEIEPAVFEDDVVDVVKAPLTYQGCCKPPTSFEKICIVDKLYMAKCGDQFYPVVVDNDTVGVLDQCWRFPCAGKKVEFNDKPKVRKIPSTRKIKITFALDATFDSVLSKACSEFEVDKDVTLDELLDVVLDAVESTLSPCKEHDVIGTKVCALLDRLAGDYVYLFDEGGDEVIAPRMYCSFSAPDDEDCVAADVVDADENQDDDAEDSAVLVADTQEEDGVAKGQVEADSEICVAHTGSQEELAEPDAVGSQTPIASAEETEVGEASDREGIAEAKATVCADAVDACPDQVEAFEIEKVEDSILDELQTELNAPADKTYEDVLAFDAVCSEALSAFYAVPSDETHFKVCGFYSPAIERTNCWLRSTLIVMQSLPLEFKDLEMQKLWLSYKAGYDQCFVDKLVKSVPKSIILPQGGYVADFAYFFLSQCSFKAYANWRCLECDMELKLQGLDAMFFYGDVVSHMCKCGNSMTLLSADIPYTLHFGVRDDKFCAFYTPRKVFRAACAVDVNDCHSMAVVEGKQIDGKVVTKFIGDKFDFMVGYGMTFSMSPFELAQLYGSCITPNVCFVKGDVIKVVRLVNAEVIVNPANGRMAHGAGVAGAIAEKAGSAFIKETSDMVKAQGVCQVGECYESAGGKLCKKVLNIVGPDARGHGKQCYSLLERAYQHINKCDNVVTTLISAGIFSVPTDVSLTYLLGVVTKNVILVSNNQDDFDVIEKCQVTSVAGTKALSLQLAKNLCRDVKFVTNACSSLFSESCFVSSYDVLQEVEALRHDIQLDDDARVFVQANMDCLPTDWRLVNKFDSVDGVRTIKYFECPGGIFVSSQGKKFGYVQNGSFKEASVSQIRALLANKVDVLCTVDGVNFRSCCVAEGEVFGKTLGSVFCDGINVTKVRCSAIYKGKVFFQYSDLSEADLVAVKDAFGFDEPQLLKYYTMLGMCKWPVVVCGNYFAFKQSNNNCYINVACLMLQHLSLKFPKWQWQEAWNEFRSGKPLRFVSLVLAKGSFKFNEPSDSIDFMRVVLREADLSGATCNLEFVCKCGVKQEQRKGVDAVMHFGTLDKGDLVRGYNIACTCGSKLVHCTQFNVPFLICSNTPEGRKLPDDVVAANIFTGGSVGHYTHVKCKPKYQLYDACNVNKVSEAKGNFTDCLYLKNLKQTFSSVLTTFYLDDVKCVEYKPDLSQYYCESGKYYTKPIIKAQFRTFEKVDGVYTNFKLVGHSIAEKLNAKLGFDCNSPFVEYKITEWPTATGDVVLASDDLYVSRYSSGCITFGKPVVWLGHEEASLKSLTYFNRPSVVCENKFNVLPVDVSEPTDKGPVPAAVLVTGVPGADASAGAGIAKEQKACASASVEDQVVTEVRQEPSVSAADVKEVKLNGVKKPVKVEGSVVVNDPTSETKVVKSLSIVDVYDMFLTGCKYVVWTANELSRLVNSPTVREYVKWGMGKIVTPAKLLLLRDEKQEFVAPKVVKAKAIACYCAVKWFLLYCFSWIKFNTDNKVIYTTEVASKLTFKLCCLAFKNALQTFNWSVVSRGFFLVATVFLLWFNFLYANVILSDFYLPNIGPLPTFVGQIVAWFKTTFGVSTICDFYQVTDLGYRSSFCNGSMVCELCFSGFDMLDNYDAINVVQHVVDRRLSFDYISLFKLVVELVIGYSLYTVCFYPLFVLIGMQLLTTWLPEFFMLETMHWSARLFVFVANMLPAFTLLRFYIVVTAMYKVYCLCRHVMYGCSKPGCLFCYKRNRSVRVKCSTVVGGSLRYYDVMANGGTGFCTKHQWNCLNCNSWKPGNTFITHEAAADLSKELKRPVNPTDSAYYSVTEVKQVGCSMRLFYERDGQRVYDDVNASLFVDMNGLLHSKVKGVPETHVVVVENEADKAGFLGAAVFYAQSLYRPMLMVEKKLITTANTGLSVSRTMFDLYVDSLLNVLDVDRKSLTSFVNAAHNSLKEGVQLEQVMDTFIGCARRKCAIDSDVETKSITKSVMSAVNAGVDFTDESCNNLVPTYVKSDTIVAADLGVLIQNNAKHVQANVAKAANVACIWSVDAFNQLSADLQHRLRKACSKTGLKIKLTYNKQEANVPILTTPFSLKGGAVFSRMLQWLFVANLICFIVLWALMPTYAVHKSDMQLPLYASFKVIDNGVLRDVSVTDACFANKFNQFDQWYESTFGLAYYRNSKACPVVVAVIDQDIGHTLFNVPTTVLRYGFHVLHFITHAFATDSVQCYTPHMQIPYDNFYASGCVLSSLCTMLAHADGTPHPYCYTGGVMHNASLYSSLAPHVRYNLASSNGYIRFPEVVSEGIVRVVRTRSMTYCRVGLCEEAEEGICFNFNRSWVLNNPYYRAMPGTFCGRNAFDLIHQVLGGLVRPIDFFALTASSVAGAILAIIVVLAFYYLIKLKRAFGDYTSVVVINVIVWCINFLMLFVFQVYPTLSCLYACFYFYTTLYFPSEISVVMHLQWLVMYGAIMPLWFCIIYVAVVVSNHALWLFSYCRKIGTEVRSDGTFEEMALTTFMITKESYCKLKNSVSDVAFNRYLSLYNKYRYFSGKMDTAAYREAACSQLAKAMETFNHNNGNDVLYQPPTASVTTSFLQSGIVKMVSPTSKVEPCIVSVTYGNMTLNGLWLDDKVYCPRHVICSSADMTDPDYPNLLCRVTSSDFCVMSGRMSLTVMSYQMQGCQLVLTVTLQNPNTPKYSFGVVKPGETFTVLAAYNGRPQGAFHVTLRSSHTIKGSFLCGSCGSVGYVLTGDSVRFVYMHQLELSTGCHTGTDFSGNFYGPYRDAQVVQLPVQDYTQTVNVVAWLYAAIFNRCNWFVQSDSCSLEEFNVWAMTNGFSSIKADLVLDALASMTGVTVEQVLAAIKRLHSGFQGKQILGSCVLEDETPSDVYQQLAGVKLQSKRTRVIKGTCCWILASTFLFCSIISAFVKWTMFMYVTTHMLGVTLCALCFVSFAMLLIKHKHLYLTMYIMPVLCTFYTNYLVVYKQSFRGLAYAWLSHFVPAVDYTYMDEVLYGVVLLVAMVFVTMRSINHDVFSIMFLVGRLVSLVSMWYFGANLEEEVLLFLTSLFGTYTWTTMLSLATAKVIAKWLAVNVLYFTDVPQIKLVLLSYLCIGYVCCCYWGILSLLNSIFRMPLGVYNYKISVQELRYMNANGLRPPRNSFEALMLNFKLLGIGGVPVIEVSQIQSRLTDVKCANVVLLNCLQHLHIASNSKLWQYCSTLHNEILATSDLSMAFDKLAQLLVVLFANPAAVDSKCLASIEEVSDDYVRDNTVLQALQSEFVNMASFVEYELAKKNLDEAKASGSANQQQIKQLEKACNIAKSAYERDRAVARKLERMADLALTNMYKEARINDKKSKVVSALQTMLFSMVRKLDNQALNSILDNAVKGCVPLNAIPSLTSNTLTIIVPDKQVFDQVVDNVYVTYAGNVWHIQFIQDADGAVKQLNEIDVNSTWPLVIAANRHNEVSTVVLQNNELMPQKLRTQVVNSGSDMNCNTPTQCYYNTTGTGKIVYAILSDCDGLKYTKIVKEDGNCVVLELDPPCKFSVQDVKGLKIKYLYFVKGCNTLARGWVVGTLSSTVRLQAGTATEYASNSAILSLCAFSVDPKKTYLDYIKQGGVPVTNCVKMLCDHAGTGMAITIKPEATTNQDSYGGASVCIYCRSRVEHPDVDGLCKLRGKFVQVPLGIKDPVSYVLTHDVCQVCGFWRDGSCSCVGTGSQFQSKDTNFLNGFGVQV,sp|P0C6V0|R1A_CVMA5 Replicase polyprotein 1a OS=Murine coronavirus (strain A59) OX=11142 GN=1a PE=1 SV=1,SARS-CoV-2,4468
sp|P0DO35|CP178_ORIVU,MDISISWVVIILLVLSYLILMEKWRAAKLPKNLPPGPPKLPVIGHLHLLGGGLPQHVLRGITQKYGPVAHVQLGEVSSVVLSSTEAARQAMKVLDPAFADRFVNIGSRIMWYDSEDIIFSRYNDHWRQIRKICVSELLSPKNVKSFGYIRQDEMARLIRLFESSEGAAINVSEEISKTVCTIVSRVAFGSVVKDQSLLLNLVKESLRMASGFELADLFPSSWLLNLLCFNKYRLWGMRRRLDNFLDGFLEEHRVKKSGEYGGEDIIDVLYRMQKDSQMKVPITNNGIKGFIYDVFSAGTDTSAATILWALSELMRNPEKMAKAQAEVREILKGKTNVDMAEVHELKYLRSVVKEALRLHPPFPIIPRLCIQESEVTGYTIPANTRILINVWSIGRDPLYWNEPDTFNPDRYDEVPRDIIGNDFELIPFGSGRRICPGLHFGLANIEVPLAQLLYHFDWKLPQGMTAADIDMTEKPGLSGPRKNPLILVPTIHNPTS,sp|P0DO35|CP178_ORIVU Cytochrome P450 71D178 OS=Origanum vulgare OX=39352 GN=CYP71D178 PE=1 SV=1,SARS-CoV-2,496
sp|P0DO38|CP180_THYVU,MDISISWVVIIVFVLSYLILMDKWRASKLPGNLPPSPPKLPVIGHLHLLRGGLPQHVLRGITQKYGAVAHLQLGEVHSVVLSSAESTKQAMKVLDPTFADRFDSIGSQIMWYNNDDMIFSRYNDHWRQIRKICVSELLSPRNVRSFGFIRQDEMARLIRVFESSEGAAINASEEISKMSCAIVCRAAFGSVLKDQGKLADLVKEALSMASGFELADLYPSSWLLNLLCFNKYRLQRMRGRLDNILDGFLEEHKVKKSGEFGGEDIIDVLYRMQKDTEMKAPITNNGIKGFIFDVFSAGTETSATTIQWALSELMKNPEKMVKAQAEVREKLKGKTNPDVADVQELKYLHSVVKETLRLHPPFPLIPRLCKEECEVTGYTIPAKTRILVNVWSIGRDPAYWKDPDTFNPDRFDEVSRDVIGNDFELIPFGAGRRVCPGLHFGLANVEVPLAQLLYHFDYKLPSAMTAADMDMSETPGLSGPRKNPLIMIPTIHNPTS,sp|P0DO38|CP180_THYVU Cytochrome P450 71D180 OS=Thymus vulgaris OX=49992 GN=CYP71D180 PE=1 SV=1,SARS-CoV-2,496
sp|P0DO39|CP180_ORIVU,MDISISWVVIIVFVLSYLILMDKWRASKLPGNLPPSPPKLPVIGHLHLLRGGLPQHVLRGITQKYGAVAHLQLGEVHSVVLSSAESTKQAMKVLDPTFADRFDSIGSQIMWYNNDDMIFSRYNDHWRQIRKICVSELLSPRNVRSFGFIRQDEMARLIRVFESSEGAAINASEEISKMSCAIVCRAAFGSVLKDQGKLADLVKEALSMASGFELADLYPSSWLLNLLCVNKYRLQRMRGRLDNILDGFLEEHKVKKSGEFGGEDIVDVLYRMQKDTEMKAPITNNGIKGFIFDVFSAGTETSATTIQWALSELMKNPEKMVKAQAEVREKLKGKTNPDVADVQELKYLHSVVKETLRLHPPFPLIPRLCKEECEVTGYTIPAKTRTLVNVWSIGRDPAYWKDPDTFNPDRFDEVSRDVIGNDFELIPFGAGRRVCPGLHFGLANVEVPLAQLLYHFDYKLPSAMTAADMDMSETPGLSGPRKNPLIMIPTIHNPTS,sp|P0DO39|CP180_ORIVU Cytochrome P450 71D180 OS=Origanum vulgare OX=39352 GN=CYP71D180 PE=1 SV=1,SARS-CoV-2,496
sp|P0DO41|CP181_ORIVU,MDISISWVAIILVISSYFIFMNKWRAAKLPENLPPSPPKLPVIGHLHLLRGGLPQHVLRGITQKYGAVAHLQLGEVYSVVLSSAESTKQAMKVLDPTFADRFDSIGSQIMWYNNNDMIFSRYNDHWRQIRKICVSELLSPKNVRSFGFIRQDEMARLIRVFESSVGVPINASEEISKMSCAIVCRAAFGSVLKDQGLLADLVKEALGMASGFELADLYPSSWLLNLLCFNKYRLRRMRQRLDDILDGFLEEHRVKKSGEFGGEDIIDVLYRMQKDSENKVPITNSGIKGFIFDVFSAGTETSATTIQWALSELMKNPEKLAKAQAEVREKLKGKTNPDVAEVQEIKYLHSVVKETLRLHPPFPLIPRLCKEECEVTGYTIPAKTRILVNVWSIGRDPAYWKDPDTFNPDRFDEVSRDVIGNDFELIPFGAGRRICPGLHFGLANVEVPLAQLLYHFEWKLPQGMTPADMDMSETPGLSGPRKNPLIMVPTIHNPTS,sp|P0DO41|CP181_ORIVU Cytochrome P450 71D181 OS=Origanum vulgare OX=39352 GN=CYP71D181 PE=1 SV=1,SARS-CoV-2,496
sp|P0DO42|CP181_THYVU,MDISILWVAIILVISSYFIFMNKWRAAKLPENLPPSPPKLPVIGHLHLLRGGLPQHVLRGITQKYGAVAHLQLGEVYSVVLSSAESTKQAMKVLDPTFADRFDSFGSQIMWYNNNDMIFSRYNDHWRQIRKICVSELLSPKNVRSFGFIRQDEMARLIRVFESSVGVPINASEEISKMSCAIVCRAAFGSVLKDQGLLADLVKEALGMASGFELADLYPSSWLLNLLCFNKYRLRRMRQRLDDILDGFLEEHRVKKSGEFGGEDIIDVLYRMQKDSENKVPITNSGIKGFIFDVFSAGTETSATTIQWALSELMKNPEKLAKAQAEVREKLKGKTNPDVAEVQEIKYPHSVVKETLRLHPPFPLIPRLCKEECEVTGYTIPAKTRILVNVWSIGRDPAYWKDPDTFNPDRFDEVSRDVIGNDFELIPFGAGRRICPGLHFGLANVEVPLAQLLYHFEWKLPQGMTPADMDMSETPGLSGPRKNPLIMVPTIHNPTS,sp|P0DO42|CP181_THYVU Cytochrome P450 71D181 OS=Thymus vulgaris OX=49992 GN=CYP71D181 PE=1 SV=1,SARS-CoV-2,496
sp|P0DTC2|SPIKE_SARS2,MFVFLVLLPLVSSQCVNLTTRTQLPPAYTNSFTRGVYYPDKVFRSSVLHSTQDLFLPFFSNVTWFHAIHVSGTNGTKRFDNPVLPFNDGVYFASTEKSNIIRGWIFGTTLDSKTQSLLIVNNATNVVIKVCEFQFCNDPFLGVYYHKNNKSWMESEFRVYSSANNCTFEYVSQPFLMDLEGKQGNFKNLREFVFKNIDGYFKIYSKHTPINLVRDLPQGFSALEPLVDLPIGINITRFQTLLALHRSYLTPGDSSSGWTAGAAAYYVGYLQPRTFLLKYNENGTITDAVDCALDPLSETKCTLKSFTVEKGIYQTSNFRVQPTESIVRFPNITNLCPFGEVFNATRFASVYAWNRKRISNCVADYSVLYNSASFSTFKCYGVSPTKLNDLCFTNVYADSFVIRGDEVRQIAPGQTGKIADYNYKLPDDFTGCVIAWNSNNLDSKVGGNYNYLYRLFRKSNLKPFERDISTEIYQAGSTPCNGVEGFNCYFPLQSYGFQPTNGVGYQPYRVVVLSFELLHAPATVCGPKKSTNLVKNKCVNFNFNGLTGTGVLTESNKKFLPFQQFGRDIADTTDAVRDPQTLEILDITPCSFGGVSVITPGTNTSNQVAVLYQDVNCTEVPVAIHADQLTPTWRVYSTGSNVFQTRAGCLIGAEHVNNSYECDIPIGAGICASYQTQTNSPRRARSVASQSIIAYTMSLGAENSVAYSNNSIAIPTNFTISVTTEILPVSMTKTSVDCTMYICGDSTECSNLLLQYGSFCTQLNRALTGIAVEQDKNTQEVFAQVKQIYKTPPIKDFGGFNFSQILPDPSKPSKRSFIEDLLFNKVTLADAGFIKQYGDCLGDIAARDLICAQKFNGLTVLPPLLTDEMIAQYTSALLAGTITSGWTFGAGAALQIPFAMQMAYRFNGIGVTQNVLYENQKLIANQFNSAIGKIQDSLSSTASALGKLQDVVNQNAQALNTLVKQLSSNFGAISSVLNDILSRLDKVEAEVQIDRLITGRLQSLQTYVTQQLIRAAEIRASANLAATKMSECVLGQSKRVDFCGKGYHLMSFPQSAPHGVVFLHVTYVPAQEKNFTTAPAICHDGKAHFPREGVFVSNGTHWFVTQRNFYEPQIITTDNTFVSGNCDVVIGIVNNTVYDPLQPELDSFKEELDKYFKNHTSPDVDLGDISGINASVVNIQKEIDRLNEVAKNLNESLIDLQELGKYEQYIKWPWYIWLGFIAGLIAIVMVTIMLCCMTSCCSCLKGCCSCGSCCKFDEDDSEPVLKGVKLHYT,Spike glycoprotein,SARS-CoV-2,1273
sp|P0DTC4|VEMP_SARS2,MYSFVSEETGTLIVNSVLLFLAFVVFLLVTLAILTALRLCAYCCNIVNVSLVKPSFYVYSRVKNLNSSRVPDLLV,sp|P0DTC4|VEMP_SARS2 Envelope small membrane protein OS=Severe acute respiratory syndrome coronavirus 2 OX=2697049 GN=E PE=1 SV=1,SARS-CoV-2,75
sp|P0DTC5|VME1_SARS2,MADSNGTITVEELKKLLEQWNLVIGFLFLTWICLLQFAYANRNRFLYIIKLIFLWLLWPVTLACFVLAAVYRINWITGGIAIAMACLVGLMWLSYFIASFRLFARTRSMWSFNPETNILLNVPLHGTILTRPLLESELVIGAVILRGHLRIAGHHLGRCDIKDLPKEITVATSRTLSYYKLGASQRVAGDSGFAAYSRYRIGNYKLNTDHSSSSDNIALLVQ,sp|P0DTC5|VME1_SARS2 Membrane protein OS=Severe acute respiratory syndrome coronavirus 2 OX=2697049 GN=M PE=1 SV=1,SARS-CoV-2,222
sp|P0DTC7|NS7A_SARS2,MKIILFLALITLATCELYHYQECVRGTTVLLKEPCSSGTYEGNSPFHPLADNKFALTCFSTQFAFACPDGVKHVYQLRARSVSPKLFIRQEEVQELYSPIFLIVAAIVFITLCFTLKRKTE,sp|P0DTC7|NS7A_SARS2 ORF7a protein OS=Severe acute respiratory syndrome coronavirus 2 OX=2697049 GN=7a PE=1 SV=1,SARS-CoV-2,121
sp|P0DTC8|NS8_SARS2,MKFLVFLGIITTVAAFHQECSLQSCTQHQPYVVDDPCPIHFYSKWYIRVGARKSAPLIELCVDEAGSKSPIQYIDIGNYTVSCLPFTINCQEPKLGSLVVRCSFYEDFLEYHDVRVVLDFI,sp|P0DTC8|NS8_SARS2 ORF8 protein OS=Severe acute respiratory syndrome coronavirus 2 OX=2697049 GN=8 PE=1 SV=1,SARS-CoV-2,121
sp|P11224|SPIKE_CVMA5,MLFVFILFLPSCLGYIGDFRCIQLVNSNGANVSAPSISTETVEVSQGLGTYYVLDRVYLNATLLLTGYYPVDGSKFRNLALRGTNSVSLSWFQPPYLNQFNDGIFAKVQNLKTSTPSGATAYFPTIVIGSLFGYTSYTVVIEPYNGVIMASVCQYTICQLPYTDCKPNTNGNKLIGFWHTDVKPPICVLKRNFTLNVNADAFYFHFYQHGGTFYAYYADKPSATTFLFSVYIGDILTQYYVLPFICNPTAGSTFAPRYWVTPLVKRQYLFNFNQKGVITSAVDCASSYTSEIKCKTQSMLPSTGVYELSGYTVQPVGVVYRRVANLPACNIEEWLTARSVPSPLNWERKTFQNCNFNLSSLLRYVQAESLFCNNIDASKVYGRCFGSISVDKFAVPRSRQVDLQLGNSGFLQTANYKIDTAATSCQLHYTLPKNNVTINNHNPSSWNRRYGFNDAGVFGKNQHDVVYAQQCFTVRSSYCPCAQPDIVSPCTTQTKPKSAFVNVGDHCEGLGVLEDNCGNADPHKGCICANNSFIGWSHDTCLVNDRCQIFANILLNGINSGTTCSTDLQLPNTEVVTGICVKYDLYGITGQGVFKEVKADYYNSWQTLLYDVNGNLNGFRDLTTNKTYTIRSCYSGRVSAAFHKDAPEPALLYRNINCSYVFSNNISREENPLNYFDSYLGCVVNADNRTDEALPNCDLRMGAGLCVDYSKSRRAHRSVSTGYRLTTFEPYTPMLVNDSVQSVDGLYEMQIPTNFTIGHHEEFIQTRSPKVTIDCAAFVCGDNTACRQQLVEYGSFCVNVNAILNEVNNLLDNMQLQVASALMQGVTISSRLPDGISGPIDDINFSPLLGCIGSTCAEDGNGPSAIRGRSAIEDLLFDKVKLSDVGFVEAYNNCTGGQEVRDLLCVQSFNGIKVLPPVLSESQISGYTTGATAAAMFPPWSAAAGVPFSLSVQYRINGLGVTMNVLSENQKMIASAFNNALGAIQDGFDATNSALGKIQSVVNANAEALNNLLNQLSNRFGAISASLQEILTRLEAVEAKAQIDRLINGRLTALNAYISKQLSDSTLIKVSAAQAIEKVNECVKSQTTRINFCGNGNHILSLVQNAPYGLYFIHFSYVPISFTTANVSPGLCISGDRGLAPKAGYFVQDDGEWKFTGSSYYYPEPITDKNSVIMSSCAVNYTKAPEVFLNTSIPNPPDFKEELDKWFKNQTSIAPDLSLDFEKLNVTLLDLTYEMNRIQDAIKKLNESYINLKEVGTYEMYVKWPWYVWLLIGLAGVAVCVLLFFICCCTGCGSCCFKKCGNCCDEYGGHQDSIVIHNISSHED,Spike glycoprotein,SARS-CoV-2,1324
sp|P11225|SPIKE_CVMJH,MLFVFILLLPSCLGYIGDFRCIQTVNYNGNNASAPSISTEAVDVSKGRGTYYVLDRVYLNATLLLTGYYPVDGSNYRNLALTGTNTLSLTWFKPPFLSEFNDGIFAKVQNLKTNTPTGATSYFPTIVIGSLFGNTSYTVVLEPYNNIIMASVCTYTICQLPYTPCKPNTNGNRVIGFWHTDVKPPICLLKRNFTFNVNAPWLYFHFYQQGGTFYAYYADKPSATTFLFSVYIGDILTQYFVLPFICTPTAGSTLAPLYWVTPLLKRQYLFNFNEKGVITSAVDCASSYISEIKCKTQSLLPSTGVYDLSGYTVQPVGVVYRRVPNLPDCKIEEWLTAKSVPSPLNWERRTFQNCNFNLSSLLRYVQAESLSCNNIDASKVYGMCFGSVSVDKFAIPRSRQIDLQIGNSGFLQTANYKIDTAATSCQLYYSLPKNNVTINNYNPSSWNRRYGFKVNDRCQIFANILLNGINSGTTCSTDLQLPNTEVATGVCVRYDLYGITGQGVFKEVKADYYNSWQALLYDVNGNLNGFRDLTTNKTYTIRSCYSGRVSAAYHKEAPEPALLYRNINCSYVFTNNISREENPLNYFDSYLGCVVNADNRTDEALPNCNLRMGAGLCVDYSKSRRARRSVSTGYRLTTFEPYMPMLVNDSVQSVGGLYEMQIPTNFTIGHHEEFIQIRAPKVTIDCAAFVCGDNAACRQQLVEYGSFCDNVNAILNEVNNLLDNMQLQVASALMQGVTISSRLPDGISGPIDDINFSPLLGCIGSTCAEDGNGPSAIRGRSAIEDLLFDKVKLSDVGFVEAYNNCTGGQEVRDLLCVQSFNGIKVLPPVLSESQISGYTAGATAAAMFPPWTAAAGVPFSLNVQYRINGLGVTMNVLSENQKMIASAFNNALGAIQEGFDATNSALGKIQSVVNANAEALNNLLNQLSNRFGAISASLQEILTRLDAVEAKAQIDRLINGRLTALNAYISKQLSDSTLIKFSAAQAIEKVNECVKSQTTRINFCGNGNHILSLVQNAPYGLCFIHFSYVPTSFKTANVSPGLCISGDRGLAPKAGYFVQDNGEWKFTGSNYYYPEPITDKNSVAMISCAVNYTKAPEVFLNNSIPNLPDFKEELDKWFKNQTSIAPDLSLDFEKLNVTFLDLTYEMNRIQDAIKKLNESYINLKEVGTYEMYVKWPWYVWLLIGLAGVAVCVLLFFICCCTGCGSCCFRKCGSCCDEYGGHQDSIVIHNISAHED,Spike glycoprotein,SARS-CoV-2,1235
sp|P11226|MBL2_HUMAN,MSLFPSLPLLLLSMVAASYSETVTCEDAQKTCPAVIACSSPGINGFPGKDGRDGTKGEKGEPGQGLRGLQGPPGKLGPPGNPGPSGSPGPKGQKGDPGKSPDGDSSLAASERKALQTEMARIKKWLTFSLGKQVGNKFFLTNGEIMTFEKVKALCVKFQASVATPRNAAENGAIQNLIKEEAFLGITDEKTEGQFVDLTGNRLTYTNWNEGEPNNAGSDEDCVLLLKNGQWNDVPCSTSHLAVCEFPI,sp|P11226|MBL2_HUMAN Mannose-binding protein C OS=Homo sapiens OX=9606 GN=MBL2 PE=1 SV=2,SARS-CoV-2,248
sp|P13747|HLAE_HUMAN,MVDGTLLLLLSEALALTQTWAGSHSLKYFHTSVSRPGRGEPRFISVGYVDDTQFVRFDNDAASPRMVPRAPWMEQEGSEYWDRETRSARDTAQIFRVNLRTLRGYYNQSEAGSHTLQWMHGCELGPDGRFLRGYEQFAYDGKDYLTLNEDLRSWTAVDTAAQISEQKSNDASEAEHQRAYLEDTCVEWLHKYLEKGKETLLHLEPPKTHVTHHPISDHEATLRCWALGFYPAEITLTWQQDGEGHTQDTELVETRPAGDGTFQKWAAVVVPSGEEQRYTCHVQHEGLPEPVTLRWKPASQPTIPIVGIIAGLVLLGSVVSGAVVAAVIWRKKSSGGKGGSYSKAEWSDSAQGSESHSL,"sp|P13747|HLAE_HUMAN HLA class I histocompatibility antigen, alpha chain E OS=Homo sapiens OX=9606 GN=HLA-E PE=1 SV=4",SARS-CoV-2,358
sp|P15777|SPIKE_CVBM,MFLILLISLPMAFAVIGDLKCTTVSINDVDTGAPSISTDIVDVTNGLGTYYVLDRVYLNTTLLLNGYYPTSGSTYRNMALKGTLLLSRLWFKPPFLSDFINGIFAKVKNTKVIKKGVMYSEFPAITIGSTFVNTSYSVVVQPHTTNLDNKLQGLLEISVCQYTMCEYPHTICHPNLGNKRVELWHWDTGVVSCLYKRNFTYDVNADYLYFHFYQEGGTFYAYFTDTGVVTKFLFNVYLGTVLSHYYVLPLTCSSAMTLEYWVTPLTSKQYLLAFNQDGVIFNAVDCKSDFMSEIKCKTLSIAPSTGVYELNGYTVQPIADVYRRIPNLPDCNIEAWLNDKSVPSPLNWERKTFSNCNFNMSSLMSFIQADSFTCNNIDAAKIYGMCFSSITIDKFAIPNGRKVDLQLGNLGYLQSFNYRIDTTATSCQLYYNLPAANVSVSRFNPSTWNRRFGFTEQFVFKPQPVGVFTHHDVVYAQHCFKAPSNFCPCKLDGSLCVGNGPGIDAGYKNSGIGTCPAGTNYLTCHNAAQCNCLCTPDPITSKSTGPYKCPQTKYLVGIGEHCSGLAIKSDYCGGNPCTCQPQAFLGWSVDSCLQGDRCNIFANFILHDVNSGTTCSTDLQKSNTDIILGVCVNYDLYGITGQGIFVEVNATYYNSWQNLLYDSNGNLYGFRDYLTNRTFMIRSCYSGRVSAAFHANSSEPALLFRNIKCNYVFNNTLSRQLQPINYFDSYLGCVVNADNSTSSVVQTCDLTVGSGYCVDYSTKRRSRRAITTGYRFTTFEPFTVNSVNDSLEPVGGLYEIQIPSEFTIGNMEEFIQTSSPKVTIDCSAFVCGDYAACKSQLVEYGSFCDNINAILTEVNELLDTTQLQVANSLMNGVTLSTKLKDGVNFNVDDINFSPVLGCLGSDCNKVSSRSAIEDLLFSKVKLSDVGFVEAYNNCTGGAEIRDLICVQSYNGIKVLPPLLSVNQISGYTLAATSASLFPPLSAAVGVPFYLNVQYRINGIGVTMDVLSQNQKLIANAFNNALDAIQEGFDATNSALVKIQAVVNANAEALNNLLQQLSNRFGAISSSLQEILSRLDALEAQAQIDRLINGRLTALNVYVSQQLSDSTLVKFSAAQAMEKVNECVKSQSSRINFCGNGNHIISLVQNAPYGLYFIHFSYVPTKYVTAKVSPGLCIAGDRGIAPKSGYFVNVNNTWMFTGSGYYYPEPITGNNVVVMSTCAVNYTKAPDVMLNISTPNLHDFKEELDQWFKNQTSVAPDLSLDYINVTFLDLQDEMNRLQEAIKVLNQSYINLKDIGTYEYYVKWPWYVWLLIGFAGVAMLVLLFFICCCTGCGTSCFKICGGCCDDYTGHQELVIKTSHDD,Spike glycoprotein,SARS-CoV-2,1363
sp|P22432|SPIKE_CVM4,MLFVFILLLPSCLGYIGDFRCIQTVNYNGNNASAPSISTEAVDVSKGLGTYYVLDRVYLNATLLLTGYYPVDGSNYRNLALTGTNTLSLTWFKPPFLSEFNDGIFAKVQNLKTNTPTGATSYFPTIVIGSLFGNTSYTVVLEPYNNIIMASVCTYTICQLPYTPCKPNTNGNRVIGFWHTDVKPPICLLKRNFTFNVNAPWLYFHFYQQGGTFYAYYADKPSATTFLFSVYIGDILTQYFVLPFICTPTAGSTLLPLYWVTPLLKRQYLFNFNEKGVITSAVDCASSYISEIKCKTQSLLPSTGVYDLSGYTVQPVGVVYRRVPNLPDCKIEEWLTAKSVPSPLNWERRTFQNCNFNLSSLLRYVQAESLSCNNIDASKVYGMCFGSVSVDKFAIPRSRQIDLQIGNSGFLQTANYKIDTAATSCQLYYSLPKNNVTINNYNPSSWNRRYGFNDAGVFGKSKHDVAYAQQCFTVRPSYCPCAQPDIVSACTSQTKPMSAYCPTGTIHRECSLWNGPHLRSARVGSGTYTCECTCKPNPFDTYDLRCGQIKTIVNVGDHCEGLGVLEDKCGNSDPHKGCSCANDSFIGWSHDTCLVNDRCQIFANILLNGINSGTTCSTDLQLPNTEVATGVCVRYDLYGITGQGVFKEVKADYYNSWQALLYDVNGNLNGFRDLTTNKTYTIRSCYSGRVSAAYHKEAPEPALLYRNINCSYVFTNNISREENPLNYFDSYLGCVVNADNRTDEALPNCDLRMGAGLCVDYSKSRRARRSVSTGYRLTTFEPYMPMLVNDSVQSVGGLYEMQIPTNFTIGHHEEFIQIRAPKVTIDCAAFVCGDNAACRQQLVEYGSFCDNVNAILNEVNNLLDNMQLQVASALMQGVTISSRLPDGISGPIDDINFSPLLGCIGSTCAEDGNGPSAIRGRSAIEDLLFDKVKLSDVGFVEAYNNCTGGQEVRDLLCVQSFNGIKVLPPVLSESQISGYTAGATAAAMFPPWTAAAGVPFSLNVQYRINGLGVTMNVLSENQKMIASAFNNALGAIQEGFDATNSALGKIQSVVNANAEALNNLLNQLSNRFGAISASLQEILTRLDAVEAKAQIDRLINGRLTALNAYISKQLSDSTLIKFSAAQAIEKVNECVKSQTTRINFCGNGNHILSLVQNAPYGLCFIHFSYVPTSFKTANVSPGLCISGDRGLAPKAGYFVQDNGEWKFTGSNYYYPEPITDKNSVVMISCAVNYTKAPEVFLNNSIPNLPDFKEELDKWFKNQTSIAPDLSLDFEKLNVTFLDLTYEMNRIQDAIKKLNESYINLKEVGTYEMYVKWPWYVWLLIGLAGVAVCVLLFFICCCTGCGSCCFRKCGSCCDEYGGHQDSIVIHNISAHED,Spike glycoprotein,SARS-CoV-2,1376
sp|P25190|SPIKE_CVBF,MFLILLISLPMALAVIGDLKCTTVSINDVDTGVPSISTDTVDVTNGLGTYYVLDRVYLNTTLLLNGYYPTSGSTYRNMALKGTLLLSTLWFKPPFLSDFINGIFAKVKNTKVIKHGVMYSEFPAITIGSTFVNTSYSVVVQPHTTNLDNKLQGLLEISVCQYTMCEYPNTICHPNLGNRRVELWHWDTGVVSCLYKRNFTYDVNADYLYFHFYQEGGTFYAYFTDTGVVTKFLFNVYLGTVLSHYYVMPLTCNSAMTLEYWVTPLTSKQYLLAFNQDGVIFNAVDCKSDFMSEIKCKTLSIAPSTGVYELNGYTVQPIADVYRRIPNLPDCNIEAWLNDKSVPSPLNWERKTFSNCNFNMSSLMSFIQADSFTCNNIDAAKIYGMCFSSITIDKFAIPNGRKVDLQLGNLGYLQSFNYRIDTTATSCQLYYNLPAANVSLSRFNPSIWNRRFGFTEQSVFKPQPVGVFTDHDVVYAQHCFKAPTNFCPCKLDGSLCVGNGPGIDAGYKNSGIGTCPAGTNYLTCHNAAQCNCLCTPDPITSKSTGPYKCPQTKYLVGIGEHCSGLAIKSDYCGGNPCTCQPQAFLGWSVDSCLQGDRCNIFANFILHDVNSGTTCSTDLQKSNTDIILGVCVNYDLYGITGQGIFVEANATYYNSWQNLLYDSNGNLYGFRDYLTNRTFMIRSCYSGRVSAAFHANSSEPALLFRNIKCNYVFNNTLSRQLQPINYFDSYLGCVVNADNSTASAVQTCDLTVGSGYCVDYSTKRRSVRAITTGYRFTNFEPFTVNSVNDSLEPVGGLYEIQIPSEFTIGNMEEFIQTSSPKVTIDCSAFVCGDCAACKSQLVEYGSFCDNINAILTEVNELLDTTQLQVANSLMNGVTLSTKLKDGVNFNVDDINFSPVLGCLGSECNKVSSRSAIEDLLFSKVKLSDVGFVEAYNNCTGGAEIRDLICVQSYNGIKVLPPLLSENQISGYTLAATSASLFPPWSAAAGVPFYLNVQYRINGIGVTMDVLSQNQKLIANAFNNALDAIQEGFDATNSALVKIQAVVNANAEALNNLLQQLSNRFGAISSSLQEILSRLDALEAQRQIDRLINGRFTALNAYVSQQLSDSTLVKFSAAQAMEKVNECVKSQSSRINFCGNGNHIISLVQNAPYGLYFIHFSYVPTKYVTAKVSPGLCIAGDRGIAPKSGYFVNVNNTWMFTGSGYYYPEPITGNNVVVMSTCAVNYTKAPDVMLNISTPNLPDFKEELDQWFKNQTSVAPDLSLDYINVTFLDLQDEMNRLQEAIKLLNQSYINLKDIGTYEYYVKWPWYVWLLIGFAGVAMLVLLFFICCCTGCGTSCFKKCGGCCDDYTGHQELVIKTSHDD,Spike glycoprotein,SARS-CoV-2,1363
sp|P25191|SPIKE_CVBL9,MFLILLISLPMAFAVIGDLKCTTVSINDVDTGAPSISTDIVDVTNGLGTYYVLDRVYLNTTLLLNGYYPTSGSTYRNMALKGTLLLSRLWFKPPFLSDFINGIFAKVKNTKVIKKGVMYSEFPAITIGSTFVNTSYSVVVQPHTTNLDNKLQGLLEISVCQYTMCEYPHTICHPNLGNKRVELWHWDTGVVSCLYKRNFTYDVNADYLYFHFYQEGGTFYAYFTDTGVVTKFLFNVYLGTVLSHYYVLPLTCNSAMTLEYWVTPLTSKQYLLAFNQDGVIFNAVDCKSDFMSEIKCKTLSIAPSTGVYELNGYTVQPIADVYRRIPNLPDCNIEAWLNDKSVPSPLNWERKTFSNCNFNMSCLMSFIQADSFTCNNIDAAKIYGMCFSSITIDKFAIPNGRKVDLQLGNLGYLQSFNYRIDTTATSCQLYYNLPAANVSVSRFNPSTWNRRFGFTEQSVFKPQPVGVFTHHDVVYAQHCFKAPTNFCPCKLDGSLCVGNGPGIDAGYKNSGIGTCPAGTNYLTCHNAAQCDCLCTPDPITSKSTGPYKCPQTKYLVGIGEHCSGLAIKSDYCGGNPCTCQPQAFLGWSVDSCLQGDRCNIFANFILHDVNSGTTCSTDLQKSNTDIILGVCVNYDLYGITGQGIFVEVNAPYYNSWQNLLYDSNGNLYGFRDYLTNRTFMIRSCYSGRVSAAFHANSSEPALLFRNIKCNYVFNNTLSRQLQPINYFDSYLGCVVNADNSTSSVVQTCDLTVGSGYCVDYSTKRRSRRAITTGYRFTNFEPFTVNSVNDSLEPVGGLYEIQIPSEFTIGNMEEFIQTSSPKVTIDCSAFVCGDYAACKSQLVEYGSFCDNINAILTEVNELLDTTQLQVANSLMNGVTLSTKLKDGVNFNVDDINFSPVLGCLGSDCNKVSSRSAIEDLLFSKVKLSDVGFVEAYNNCTGGAEIRDLICVQSYNGIKVLPPLLSVNQISGYTLAATSASLFPPWSAAAGVPFYLNVQYRINGIGVTMDVLSQNQKLIANAFNNALDAIQEGFDATNSALVKIQAVVNANAEALNNLLQQLSNRFGAISSSLQEILSRLDALEAQAQIDRLINGRLTALNAYVSQQLSDSTLVKFSAAQAMEKVNECVKSQSSRINFCGNGNHIISLVQNAPYGLYFIHFSYVPTKYVTAKVSPGLCIAGDRGIAPKSGYFVNVNNTWMFTGSGYYYPEPITGNNVVVMSTCAANYTKAPDVMLNISTPNLHDFKEELDQWFKNQTSVAPDLSLDYINVTFLDLQDEMNRLQEAIKVLNQSYINLKDIGTYEYYVKWPWYVWLLIGFAGVAMLVLLFFICCCTGCGTSCFKICGGCCDDYTGHQELVIKTSHDD,Spike glycoprotein,SARS-CoV-2,1363
sp|P25192|SPIKE_CVBLY,MFLILLISLPMALAVIGDLKCTTVSINDVDTGVPSVSTDTVDVTNGLGTYYVLDRVYLNTTLLLNGYYPTSGSTYRNMALKGTLLLSTLWFKPPFLSDFINGIFAKVKNTKVIKNGVMYSEFPAITIGSTFVNTSYSVVVQPHTTNLDNKLQGLLEISVCQYTMCEYPHTICHPNLGNRRIELWHWDTGVVSCLYKRNFTYDVNADYLYFHFYQEGGTFYAYFTDTGVVTKFLFNVYLGTVLSHYYVMPLTCNSAMTLEYWVTPLTSKQYLLAFNQDGVIFNAVDCKSDFMSEIKCKTLSIAPSTGVYELNGYTVQPIADVYRRIPNLPDCNIEAWLNDKSVPSPLNWERKTFSNCNFNMSSLMSFIQADSFTCNNIDAAKIYGMCFSSITIDKFAIPNGRKVDLQLGNLGYLQSFNYRIDTTATSCQLYYNLPAANVSVSRFNPSTWNRRFGFTEQSVFKPQPVGVFTDHDVVYAQHCFKAPTNFCPCKLDGSLCVGSGSGIDAGYKNSGIGTCPAGTNYLTCHNAAQCDCLCTPDPITSKSTGPYKCPQTKYLVGIGEHCSGLAIKSDYCGGNPCTCQPQAFLGWSVDSCLQGDRCNIFANFILHDVNSGTTCSTDLQKSNTDIILGVCVNYDLYGITGQGIFVEVNATYYNSWQNLLYDSNGNLYGFRDYLTNRTFMIRSCYSGRVSAAFHANSSEPALLFRNIKCNYVFNNTLSRQLQPINYFDSYLGCVVNADNSTSSAVQTCDLTVGSGYCVDYSTKRRSRRAITTGYRFTNFEPFTVNSVNDSLEPVGGLYEIQIPSEFTIGNMEEFIQISSPKVTIDCSAFVCGDYAACKSQLVEYGSFCDNINAILTEVNELLDTTQLQVANSLMNGVTLSTKLKDGVNFNVDDINFSPVLGCLGSDCNKVSSRSAIEDLLFSKVKLSDVGFVEAYNNCTGGAEIRDLICVQSYNGIKVLPPLLSENQISGYTLAATSASLFPPWSAAAGVPFYLNVQYRINGIGVTMDVLSQNQKLIANAFNNALDAIQEGFDATNSALVKIQAVVNANAEALNNLLQQLSNRFGAISSSLQEILSRLDALEAQAQIDRLINGRLTALNAYVSQQLSDSTLVKFSAAQAMEKVNECVKSQSSRINFCGNGNHIISLVQNAPYGLYFIHFSYVPTKYVTAKVSPGLCIAGDRGIAPKSGYFVNVNNTWMFTGSGYYYPEPITGNNVVVMSTCAVNYTKAPDVMLNISTPNLPDFKEELDQWFKNQTSVAPDLSLDYINVTFLDLQDEMNRLQEAIKVLNQSYINLKDIGTYEYYVKWPWYVWLLIGLAGVAMLVLLFFICCCTGCGTSCFKKCGGCCDDYTGHQELVIKTSHDD,Spike glycoprotein,SARS-CoV-2,1363
sp|P25193|SPIKE_CVBQ,MFLILLISLPMAFAVIGDLKCTTVSINDVDTGAPSISTDIVDVTNGLGTYYVLDRVYLNTTLLLNGYYPTSGSTYRNMALKGTLLLSRLWFKPPFLSDFINGIFAKVKNTKVIKKGVMYSEFPAITIGSTFVNTSYSVVVQPHTTNLDNKLQGLLEISVCQYTMCEYPHTICHPKLGNKRVELWHWDTGVVSCLYKRNFTYDVNADYLYFHFYQEGGTFYAYFTDTGVVTKFLFNVYLGTVLSHYYVLPLTCSSAMTLEYWVTPLTSKQYLLAFNQDGVIFNAVDCKSDFMSEIKCKTLSIAPSTGVYELNGYTVQPIADVYRRIPNLPDCNIEAWLNDKSVPSPLNWERKTFSNCNFNMSSLMSFIQADSFTCNNIDAAKIYGMCFSSITIDKFAIPNGRKVDLQLGNLGYLQSFNYRIDTTATSCQLYYNLPAANVSVSRFNPSTWNRRFGFTEQFVFKPQPVGVFTHHDVVYAQHCFKAPKNFCPCKLDGSLCVGNGPGIDAGYKNSGIGTCPAGTNYLTCHNAAQCDCLCTPDPITSKSTGPYKCPQTKYLVGIGEHCSGLAIKSDYCGGNPCTCQPQAFLGWSVDSCLQGDRCNIFANFIFHDVNSGTTCSTDLQKSNTDIILGVCVNYDLYGITGQGIFVEVNATYYNSWQNLLYDSNGNLYGFRDYLTNRTFMIRSCYSGRVSAAFHANSSEPALLFRNIKCNYVFNNTLSRQLQPINYFDSYLGCVVNADNSTSSVVQTCDLTVGSGYCVDYSTKRRSRRAITTGYRFTNFEPFTVNSVNDSLEPVGGLYEIQIPSEFTIGNMEEFIQTSSPKVTIDCSAFVCGDYAACKSQLVEYGSFCDNINAILTEVNELLDTTQLQVANSLMNGVTLSTKLKDGVNFNVDDINFSPVLGCLGSACNKVSSRSAIEDLLFSKVKLSDVGFVEAYNNCTGGAEIRDLICVQSYNGIKVLPPLLSVNQISGYTLAATSASLFPPLSAAVGVPFYLNVQYRINGIGVTMDVLSQNQKLIANAFNNALDAIQEGFDATNSALVKIQAVVNANAEALNNLLQQLSNRFGAISSSLQEILSRLDALEAQAQIDRLINGRLTALNVYVSQQLSDSTLVKFSAAQAMEKVNECVKSQSSRINFCGNGNHIISLVQNAPYGLYFIHFSYVPTKYVTAKVSPGLCIAGDRGIAPKSGYFVNVNNTWMFTGSGYYYPEPITGNNVVVMSTCAVNYTKAPDVMLNISTPNLHDFKEELDQWFKNQTSVAPDLSLDYINVTFLDLQDEMNRLQEAIKVLNQSYINLKDIGTYEYYVKWPWYVWLLIGFAGVAMLVLLFFICCCTGCGTSCFKICGGCCDDYTGHQELVIKTSHDD,Spike glycoprotein,SARS-CoV-2,1363
sp|P25194|SPIKE_CVBV,MFLILLISLPMAFAVIGDLKCTTVSINDVDTGAPSISTDTVDVTNGLGTYYVLDRVYLNTTLLLNGYYPTSGSTYRNMALKGTLLLSRLWFKPPFLSDFINGIFAKVKNTKVIKKGVMYSEFPAITIGSTFVNTSYSVVVQPHTTNLDNKLQGLLEISVCQYTMCEYPHTICHPNLGNQRVELWHWDTGVVSCLYKRNFTYDVNADYLYFHFYQEGGTFYAYFTDTGVVTKFLFNVYLGTVLSHYYVLPLTCYSAMTLEYWVTPLTSKQYLLAFNQDGVIFNAVDCKSDFMSEIKCKTLSIAPSTGVYELNGYTVQPIADVYRRIPNLPDCNIEAWLNDKSVPSPLNWERKTFSNCNFNMSSLMSFIQADSFTCNNIEAAKIYGMCFSSITIDKFAIPNGRKVDLQLGNLGYLQSFNYRIDTTAASCQLYYNLPAANVSVSRFNPSTWNRRFGFTEQSVFKPQPVGVFTHHDVVYAQHCFKAPTNFCPCKLDGSLCVGNGPGIDAGYKNSGIGTCPAGTNYLTCHNAAQCDCLCTPDPITSKSTGPYKCPQTKYLVGIGEHCSGLAIKSDYCGGNPCTCQPQAFLGWSVDSCLQGDRCNIFANFILHDVNSGTTCSTDLQKSNTDIILGVCVNYDLYGITGQGIFVEVNATYYNSWQNLLYDSNGNLYGFRDYLTNRTFMIRSCYSGRVSAAFHANSSEPALLFRNIKCNYVFNNTLSRQLQPINYFDSYLGCVVNADNSTSSVVQTCDLTVGSGYCVDYSTKRRSRRAITTGYRFTNFEPFTVNSVNDSLEPVGGLYEIQIPSEFTIGNMEEFIQTSSPKVTIDCSAFVCGDYAACKSQLVEYGSFCDNINAILTEVNELLDTTQLQVANSLMNGVTLSTKLKDGVNFNVDDINFSPVLGCLGSDCNKVSSRSAIEDLLFSKVKLSDVGFVEAYNNCTGGAEIRDLICVQSYNGIKVLPPLLSVNQISGYTLAATSASLFPPWSAAAGVPFYLNVQYRINGIGVTMDVLSQNQKLIANAFNNALDAIQEGFDATNSALVKIQAVVNANAEALNNLLQQLSNRFGAISSSLQEILSRLDALEAQAQIDRLINGRLTALNAYVSQQLSDSTLVKFSAAQAMEKVNECVKSQSSRINFCGNGNHIISLVQNAPYGLYFIHFSYVPTKYVTAKVSPGLCIAGDRGIAPKSGYFVNVNNTWMFTGSGYYYPEPITGNNVVVMSTCAVNYTKAPDVMLNISTPNLHDFKEELDQWFKNQTSVAPDLSLDYINVTFLDLQDEMNRLQEAIKVLNQSYINLKDIGTYEYYVKWPWYVWLLIGFAGVAMLVLLFFICCCTGCGTSCFKICGGCCDDYTGHQELVIKTSHDD,Spike glycoprotein,SARS-CoV-2,1363
sp|P26022|PTX3_HUMAN,MHLLAILFCALWSAVLAENSDDYDLMYVNLDNEIDNGLHPTEDPTPCACGQEHSEWDKLFIMLENSQMRERMLLQATDDVLRGELQRLREELGRLAESLARPCAPGAPAEARLTSALDELLQATRDAGRRLARMEGAEAQRPEEAGRALAAVLEELRQTRADLHAVQGWAARSWLPAGCETAILFPMRSKKIFGSVHPVRPMRLESFSACIWVKATDVLNKTILFSYGTKRNPYEIQLYLSYQSIVFVVGGEENKLVAEAMVSLGRWTHLCGTWNSEEGLTSLWVNGELAATTVEMATGHIVPEGGILQIGQEKNGCCVGGGFDETLAFSGRLTGFNIWDSVLSNEEIRETGGAESCHIRGNIVGWGVTEIQPHGGAQYVS,sp|P26022|PTX3_HUMAN Pentraxin-related protein PTX3 OS=Homo sapiens OX=9606 GN=PTX3 PE=1 SV=3,SARS-CoV-2,381
sp|P26715|NKG2A_HUMAN,MDNQGVIYSDLNLPPNPKRQQRKPKGNKNSILATEQEITYAELNLQKASQDFQGNDKTYHCKDLPSAPEKLIVGILGIICLILMASVVTIVVIPSTLIQRHNNSSLNTRTQKARHCGHCPEEWITYSNSCYYIGKERRTWEESLLACTSKNSSLLSIDNEEEMKFLSIISPSSWIGVFRNSSHHPWVTMNGLAFKHEIKDSDNAELNCAVLQVNRLKSAQCGSSIIYHCKHKL,sp|P26715|NKG2A_HUMAN NKG2-A/NKG2-B type II integral membrane protein OS=Homo sapiens OX=9606 GN=KLRC1 PE=1 SV=2,SARS-CoV-2,233
sp|P27487|DPP4_HUMAN,MKTPWKVLLGLLGAAALVTIITVPVVLLNKGTDDATADSRKTYTLTDYLKNTYRLKLYSLRWISDHEYLYKQENNILVFNAEYGNSSVFLENSTFDEFGHSINDYSISPDGQFILLEYNYVKQWRHSYTASYDIYDLNKRQLITEERIPNNTQWVTWSPVGHKLAYVWNNDIYVKIEPNLPSYRITWTGKEDIIYNGITDWVYEEEVFSAYSALWWSPNGTFLAYAQFNDTEVPLIEYSFYSDESLQYPKTVRVPYPKAGAVNPTVKFFVVNTDSLSSVTNATSIQITAPASMLIGDHYLCDVTWATQERISLQWLRRIQNYSVMDICDYDESSGRWNCLVARQHIEMSTTGWVGRFRPSEPHFTLDGNSFYKIISNEEGYRHICYFQIDKKDCTFITKGTWEVIGIEALTSDYLYYISNEYKGMPGGRNLYKIQLSDYTKVTCLSCELNPERCQYYSVSFSKEAKYYQLRCSGPGLPLYTLHSSVNDKGLRVLEDNSALDKMLQNVQMPSKKLDFIILNETKFWYQMILPPHFDKSKKYPLLLDVYAGPCSQKADTVFRLNWATYLASTENIIVASFDGRGSGYQGDKIMHAINRRLGTFEVEDQIEAARQFSKMGFVDNKRIAIWGWSYGGYVTSMVLGSGSGVFKCGIAVAPVSRWEYYDSVYTERYMGLPTPEDNLDHYRNSTVMSRAENFKQVEYLLIHGTADDNVHFQQSAQISKALVDVGVDFQAMWYTDEDHGIASSTAHQHIYTHMSHFIKQCFSLP,sp|P27487|DPP4_HUMAN Dipeptidyl peptidase 4 OS=Homo sapiens OX=9606 GN=DPP4 PE=1 SV=2,SARS-CoV-2,766
sp|P30556|AGTR1_HUMAN,MILNSSTEDGIKRIQDDCPKAGRHNYIFVMIPTLYSIIFVVGIFGNSLVVIVIYFYMKLKTVASVFLLNLALADLCFLLTLPLWAVYTAMEYRWPFGNYLCKIASASVSFNLYASVFLLTCLSIDRYLAIVHPMKSRLRRTMLVAKVTCIIIWLLAGLASLPAIIHRNVFFIENTNITVCAFHYESQNSTLPIGLGLTKNILGFLFPFLIILTSYTLIWKALKKAYEIQKNKPRNDDIFKIIMAIVLFFFFSWIPHQIFTFLDVLIQLGIIRDCRIADIVDTAMPITICIAYFNNCLNPLFYGFLGKKFKRYFLQLLKYIPPKAKSHSNLSTKMSTLSYRPSDNVSSSTKKPAPCFEVE,sp|P30556|AGTR1_HUMAN Type-1 angiotensin II receptor OS=Homo sapiens OX=9606 GN=AGTR1 PE=1 SV=1,SARS-CoV-2,359
sp|P35232|PHB1_HUMAN,MAAKVFESIGKFGLALAVAGGVVNSALYNVDAGHRAVIFDRFRGVQDIVVGEGTHFLIPWVQKPIIFDCRSRPRNVPVITGSKDLQNVNITLRILFRPVASQLPRIFTSIGEDYDERVLPSITTEILKSVVARFDAGELITQRELVSRQVSDDLTERAATFGLILDDVSLTHLTFGKEFTEAVEAKQVAQQEAERARFVVEKAEQQKKAAIISAEGDSKAAELIANSLATAGDGLIELRKLEAAEDIAYQLSRSRNITYLPAGQSVLLQLPQ,sp|P35232|PHB1_HUMAN Prohibitin 1 OS=Homo sapiens OX=9606 GN=PHB1 PE=1 SV=1,SARS-CoV-2,272
sp|P35613|BASI_HUMAN,MAAALFVLLGFALLGTHGASGAAGFVQAPLSQQRWVGGSVELHCEAVGSPVPEIQWWFEGQGPNDTCSQLWDGARLDRVHIHATYHQHAASTISIDTLVEEDTGTYECRASNDPDRNHLTRAPRVKWVRAQAVVLVLEPGTVFTTVEDLGSKILLTCSLNDSATEVTGHRWLKGGVVLKEDALPGQKTEFKVDSDDQWGEYSCVFLPEPMGTANIQLHGPPRVKAVKSSEHINEGETAMLVCKSESVPPVTDWAWYKITDSEDKALMNGSESRFFVSSSQGRSELHIENLNMEADPGQYRCNGTSSKGSDQAIITLRVRSHLAALWPFLGIVAEVLVLVTIIFIYEKRRKPEDVLDDDDAGSAPLKSSGQHQNDKGKNVRQRNSS,sp|P35613|BASI_HUMAN Basigin OS=Homo sapiens OX=9606 GN=BSG PE=1 SV=2,SARS-CoV-2,385
sp|P36334|SPIKE_CVHOC,MFLILLISLPTAFAVIGDLKCTSDNINDKDTGPPPISTDTVDVTNGLGTYYVLDRVYLNTTLFLNGYYPTSGSTYRNMALKGSVLLSRLWFKPPFLSDFINGIFAKVKNTKVIKDRVMYSEFPAITIGSTFVNTSYSVVVQPRTINSTQDGDNKLQGLLEVSVCQYNMCEYPQTICHPNLGNHRKELWHLDTGVVSCLYKRNFTYDVNADYLYFHFYQEGGTFYAYFTDTGVVTKFLFNVYLGMALSHYYVMPLTCNSKLTLEYWVTPLTSRQYLLAFNQDGIIFNAEDCMSDFMSEIKCKTQSIAPPTGVYELNGYTVQPIADVYRRKPNLPNCNIEAWLNDKSVPSPLNWERKTFSNCNFNMSSLMSFIQADSFTCNNIDAAKIYGMCFSSITIDKFAIPNGRKVDLQLGNLGYLQSFNYRIDTTATSCQLYYNLPAANVSVSRFNPSTWNKRFGFIEDSVFKPRPAGVLTNHDVVYAQHCFKAPKNFCPCKLNGSCVGSGPGKNNGIGTCPAGTNYLTCDNLCTPDPITFTGTYKCPQTKSLVGIGEHCSGLAVKSDYCGGNSCTCRPQAFLGWSADSCLQGDKCNIFANFILHDVNSGLTCSTDLQKANTDIILGVCVNYDLYGILGQGIFVEVNATYYNSWQNLLYDSNGNLYGFRDYIINRTFMIRSCYSGRVSAAFHANSSEPALLFRNIKCNYVFNNSLTRQLQPINYFDSYLGCVVNAYNSTAISVQTCDLTVGSGYCVDYSKNRRSRGAITTGYRFTNFEPFTVNSVNDSLEPVGGLYEIQIPSEFTIGNMVEFIQTSSPKVTIDCAAFVCGDYAACKSQLVEYGSFCDNINAILTEVNELLDTTQLQVANSLMNGVTLSTKLKDGVNFNVDDINFSPVLGCLGSECSKASSRSAIEDLLFDKVKLSDVGFVEAYNNCTGGAEIRDLICVQSYKGIKVLPPLLSENQISGYTLAATSASLFPPWTAAAGVPFYLNVQYRINGLGVTMDVLSQNQKLIANAFNNALYAIQEGFDATNSALVKIQAVVNANAEALNNLLQQLSNRFGAISASLQEILSRLDALEAEAQIDRLINGRLTALNAYVSQQLSDSTLVKFSAAQAMEKVNECVKSQSSRINFCGNGNHIISLVQNAPYGLYFIHFSYVPTKYVTARVSPGLCIAGDRGIAPKSGYFVNVNNTWMYTGSGYYYPEPITENNVVVMSTCAVNYTKAPYVMLNTSIPNLPDFKEELDQWFKNQTSVAPDLSLDYINVTFLDLQVEMNRLQEAIKVLNQSYINLKDIGTYEYYVKWPWYVWLLICLAGVAMLVLLFFICCCTGCGTSCFKKCGGCCDDYTGYQELVIKTSHDD,Spike glycoprotein,SARS-CoV-2,1353
sp|P47901|V1BR_HUMAN,MDSGPLWDANPTPRGTLSAPNATTPWLGRDEELAKVEIGVLATVLVLATGGNLAVLLTLGQLGRKRSRMHLFVLHLALTDLAVALFQVLPQLLWDITYRFQGPDLLCRAVKYLQVLSMFASTYMLLAMTLDRYLAVCHPLRSLQQPGQSTYLLIAAPWLLAAIFSLPQVFIFSLREVIQGSGVLDCWADFGFPWGPRAYLTWTTLAIFVLPVTMLTACYSLICHEICKNLKVKTQAWRVGGGGWRTWDRPSPSTLAATTRGLPSRVSSINTISRAKIRTVKMTFVIVLAYIACWAPFFSVQMWSVWDKNAPDEDSTNVAFTISMLLGNLNSCCNPWIYMGFNSHLLPRPLRHLACCGGPQPRMRRRLSDGSLSSRHTTLLTRSSCPATLSLSLSLTLSGRPRPEESPRDLELADGEGTAETIIF,sp|P47901|V1BR_HUMAN Vasopressin V1b receptor OS=Homo sapiens OX=9606 GN=AVPR1B PE=1 SV=1,SARS-CoV-2,424
sp|P59594|SPIKE_SARS,MFIFLLFLTLTSGSDLDRCTTFDDVQAPNYTQHTSSMRGVYYPDEIFRSDTLYLTQDLFLPFYSNVTGFHTINHTFGNPVIPFKDGIYFAATEKSNVVRGWVFGSTMNNKSQSVIIINNSTNVVIRACNFELCDNPFFAVSKPMGTQTHTMIFDNAFNCTFEYISDAFSLDVSEKSGNFKHLREFVFKNKDGFLYVYKGYQPIDVVRDLPSGFNTLKPIFKLPLGINITNFRAILTAFSPAQDIWGTSAAAYFVGYLKPTTFMLKYDENGTITDAVDCSQNPLAELKCSVKSFEIDKGIYQTSNFRVVPSGDVVRFPNITNLCPFGEVFNATKFPSVYAWERKKISNCVADYSVLYNSTFFSTFKCYGVSATKLNDLCFSNVYADSFVVKGDDVRQIAPGQTGVIADYNYKLPDDFMGCVLAWNTRNIDATSTGNYNYKYRYLRHGKLRPFERDISNVPFSPDGKPCTPPALNCYWPLNDYGFYTTTGIGYQPYRVVVLSFELLNAPATVCGPKLSTDLIKNQCVNFNFNGLTGTGVLTPSSKRFQPFQQFGRDVSDFTDSVRDPKTSEILDISPCSFGGVSVITPGTNASSEVAVLYQDVNCTDVSTAIHADQLTPAWRIYSTGNNVFQTQAGCLIGAEHVDTSYECDIPIGAGICASYHTVSLLRSTSQKSIVAYTMSLGADSSIAYSNNTIAIPTNFSISITTEVMPVSMAKTSVDCNMYICGDSTECANLLLQYGSFCTQLNRALSGIAAEQDRNTREVFAQVKQMYKTPTLKYFGGFNFSQILPDPLKPTKRSFIEDLLFNKVTLADAGFMKQYGECLGDINARDLICAQKFNGLTVLPPLLTDDMIAAYTAALVSGTATAGWTFGAGAALQIPFAMQMAYRFNGIGVTQNVLYENQKQIANQFNKAISQIQESLTTTSTALGKLQDVVNQNAQALNTLVKQLSSNFGAISSVLNDILSRLDKVEAEVQIDRLITGRLQSLQTYVTQQLIRAAEIRASANLAATKMSECVLGQSKRVDFCGKGYHLMSFPQAAPHGVVFLHVTYVPSQERNFTTAPAICHEGKAYFPREGVFVFNGTSWFITQRNFFSPQIITTDNTFVSGNCDVVIGIINNTVYDPLQPELDSFKEELDKYFKNHTSPDVDLGDISGINASVVNIQKEIDRLNEVAKNLNESLIDLQELGKYEQYIKWPWYVWLGFIAGLIAIVMVTILLCCMTSCCSCLKGACSCGSCCKFDEDDSEPVLKGVKLHYT,Spike glycoprotein,SARS-CoV-2,1255
sp|P59632|AP3A_SARS,MDLFMRFFTLGSITAQPVKIDNASPASTVHATATIPLQASLPFGWLVIGVAFLAVFQSATKIIALNKRWQLALYKGFQFICNLLLLFVTIYSHLLLVAAGMEAQFLYLYALIYFLQCINACRIIMRCWLCWKCKSKNPLLYDANYFVCWHTHNYDYCIPYNSVTDTIVVTEGDGISTPKLKEDYQIGGYSEDRHSGVKDYVVVHGYFTEVYYQLESTQITTDTGIENATFFIFNKLVKDPPNVQIHTIDGSSGVANPAMDPIYDEPTTTTSVPL,sp|P59632|AP3A_SARS ORF3a protein OS=Severe acute respiratory syndrome coronavirus OX=694009 GN=3a PE=1 SV=1,SARS-CoV-2,274
sp|P59635|NS7A_SARS,MKIILFLTLIVFTSCELYHYQECVRGTTVLLKEPCPSGTYEGNSPFHPLADNKFALTCTSTHFAFACADGTRHTYQLRARSVSPKLFIRQEEVQQELYSPLFLIVAALVFLILCFTIKRKTE,sp|P59635|NS7A_SARS ORF7a protein OS=Severe acute respiratory syndrome coronavirus OX=694009 GN=7a PE=1 SV=1,SARS-CoV-2,122
sp|P81180|CVN_NOSEL,LGKFSQTCYNSAIQGSVLTSTCERTNGGYNTSSIDLNSVIENVDGSLKWQPSNFIETCRNTQLAGSSELAAECKTRAQQFVSTKINLDDHIANIDGTLKYE,sp|P81180|CVN_NOSEL Cyanovirin-N OS=Nostoc ellipsosporum OX=45916 PE=1 SV=2,SARS-CoV-2,101
sp|Q01628|IFM3_HUMAN,MNHTVQTFFSPVNSGQPPNYEMLKEEHEVAVLGAPHNPAPPTSTVIHIRSETSVPDHVVWSLFNTLFMNPCCLGFIAFAYSVKSRDRKMVGDVTGAQAYASTAKCLNIWALILGILMTILLIVIPVLIFQAYG,sp|Q01628|IFM3_HUMAN Interferon-induced transmembrane protein 3 OS=Homo sapiens OX=9606 GN=IFITM3 PE=1 SV=2,SARS-CoV-2,133
sp|Q01629|IFM2_HUMAN,MNHIVQTFSPVNSGQPPNYEMLKEEQEVAMLGVPHNPAPPMSTVIHIRSETSVPDHVVWSLFNTLFMNTCCLGFIAFAYSVKSRDRKMVGDVTGAQAYASTAKCLNIWALILGIFMTILLIIIPVLVVQAQR,sp|Q01629|IFM2_HUMAN Interferon-induced transmembrane protein 2 OS=Homo sapiens OX=9606 GN=IFITM2 PE=1 SV=2,SARS-CoV-2,132
sp|Q02385|SPIKE_CVMJC,MLFVFILFLPSCLGYIGDFRCIQTVNYNGNNASAPSISTEAVDVSKGLGTYYVLDRVYLNATLLLTGYYPVDGSNYRNLALTGTNTLSLTWFKPPFLSEFNDGIFAKVQNLKTNTPTGATSYFPTIVIGSLFGNTSYTVVLEPYNNIIMASVCTYTICQLPYTPCKPNTNGNRVIGFWHTDVKPPICLLKRNFTFNVNAPWLYFHFYQQGGTFYAYYADKPSATTFLFSVYIGDILTQYFVLPFICTPTAGSTLLPLYWVTPLLKRQYLFNFNEKGVITSAVDCASSYISEIKCKTQSLLPSTGVYDLSGYTVQPVGVVYRRVPNLPDCKIEEWLTAKSVPSPLNWERRTFQNCNFNLSSLLRYVQAESLSCNNIDASKVYGMCFGSVSVDKFAIPRSRQIDLQIGNSGFLQTANYKIDTAATSCQLYYSLPKNNVTINNYNPSSWNRRYGFNDAGVFGKSKHDVAYAQQCFIVRPSYCPCAQPDIVSACTSQTKPMSAYCPTGTIHRECSLWNGPHLRSARVGSGTYTCECTCKPNPFDTYDLRCGQIKTIVNVGDHCEGLGVLEDKCGNSDPHKGCSCAHDSFIGWSHDTCLVNDHSQIFANILLNGINSGTTCSTDLQLPNTEVATGVCVRYDLYGITGQGVFKEVKADYYNSWQALLYDVNGNLNGFRDLTTNKTYTIRSCYSGRVSAAYHKEAPEPALLYRNINCSYVFTNNISREENPLNYFDSYLGCVVNADNRPDEALPNCDLRMGAGLCVDYSKSRRARRSVSTGYRLTTFEPYMPMLVNDSVQSVGGLYEMQIPTNFTIGHHEEFIQIRAPKVTIDCAAFVCGDNAACRQQLVEYGSFCDNVNAILNEVNNLLDNMQLQVASALMQGVTISSRLPDGISGPIDDINFSPLLGCIGSTCAEDGNGPSAMRGRSAIEDLLFDKVKLSDVGFVEAYNNCTGGQEVRDLLCVQSFNGIKVLPPVLSESQISGYTAGATAAAMFPPWTAAAGVPFSLNVQYRINGLGVTMNVLSENQKMIASAFNNALGAIQEGFDATNSALGKIQSVVNANAEALNNLLNQLSNRFGAISASLQEILTRLDRVEAKAQIDRLINGRLTALNAYISKQLSDSTLIKFSAAQAIEKVNECVKSQTTRINFCGNGNHILSLVQNAPYGLCFIHFSYVPTSFKTANVSPGLCISGDRGLAPKAGYFVQDNGEWKFTGSNYYYPEPITDKNSVVMISCAVNYTKAPEVFLNNSIPNLPDFKEELDKWFKNQTSIAPDLSLDFEKLNVTFLDLTYEMNRIQDAIKKLNESYINLKEVGTYEMYVKWPWYVWLLIGLAGVAVCVLLFFICCCTGCGSCCFRKCGSCCDEYGGHQDSIVIYNISAHED,Spike glycoprotein,SARS-CoV-2,1376
sp|Q0Q475|SPIKE_BC279,MKVLIFALLFSLAKAQEGCGIISRKPQPKMEKVSSSRRGVYYNDDIFRSDVLHLTQDYFLPFDSNLTQYFSLNIDSNKYTYFDNPILDFGDGVYFAATEKSNVIRGWIFGSSFDNTTQSAIIVNNSTHIIIRVCNFNLCKEPMYTVSKGTQQSSWVYQSAFNCTYDRVEKSFQLDTAPKTGNFKDLREYVFKNRDGFLSVYQTYTAVNLPRGFPAGFSVLRPILKLPFGINITSYRVVMTMFSQFNSNFLPESAAYYVGNLKYTTFMLSFNENGTITDAVDCSQNPLAELKCTIKNFNVSKGIYQTSNFRVTPTQEVVRFPNITNRCPFDKVFNASRFPNVYAWERTKISDCVADYTVLYNSTSFSTFKCYGVSPSKLIDLCFTSVYADTFLIRSSEVRQVAPGETGVIADYNYKLPDDFTGCVIAWNTAQQDQGQYYYRSYRKEKLKPFERDLSSDENGVYTLSTYDFYPSIPVEYQATRVVVLSFELLNAPATVCGPKLSTQLVKNQCVNFNFNGLRGTGVLTTSSKRFQSFQQFGRDTSDFTDSVRDPQTLEILDISPCSFGGVSVITPGTNASSEVAVLYQDVNCTDVPTSIHADQLTPAWRVYSTGVNVFQTQAGCLIGAEHVNASYECDIPIGAGICASYHTASVLRSTGQKSIVAYTMSLGAENSIAYANNSIAIPTNFSISVTTEVMPVSIAKTSVDCTMYICGDSLECSNLLLQYGSFCTQLNRALTGIAIEQDKNTQEVFAQVKQMYKTPAIKDFGGFNFSQILPDPSKPTKRSFIEDLLFNKVTLADAGFMKQYGECLGDISARDLICAQKFNGLTVLPPLLTDEMIAAYTAALVSGTATAGWTFGAGSALQIPFAMQMAYRFNGIGVTQNVLYENQKQIANQFNKAISQIQESLTTTSTALGKLQDVVNDNAQALNTLVKQLSSNFGAISSVLNDILSRLDKVEAEVQIDRLITGRLQSLQTYVTQQLIRAAEIRASANLAATKMSECVLGQSKRVDFCGKGYHLMSFPQAAPHGVVFLHVTYVPSQERNFTTAPAICHEGKAYFPREGVFVSNGTSWFITQRNFYSPQIITTDNTFVAGNCDVVIGIINNTVYDPLQPELDSFKEELDKYFKNHTSPDVDLGDISGINASVVNIQKEIDRLNEVAKNLNESLIDLQELGKYEQYIKWPWYVWLGFIAGLIAIVMVTILLCCMTSCCSCLKGACSCGSCCKFDEDDSEPVLKGVKLHYT,Spike glycoprotein,SARS-CoV-2,1241
sp|Q0Q4F2|SPIKE_BC133,MTRLMCLLMSLSIFVRGFDSQFVDMSPASNASECLESQVDAAAFSKLVWPYPIDPAKVDGIIYPLGRTYSNITLEYTGLFPLQGDLGMQYLYSVSHAVGNDGDPTKAYISNYSLLVNDFDNGFVVRIGAAANSTGTIVISPSVNTKIKKAYPAFILGSSLTNTSAGKPLYANYSLTIIPDGCGTVLHAFYCILKPRTGNRCPSGSDYNAYFIYETIHSDCQSTINRNASLNSFKSFFDLVNCTFFNSWDITADETKEWFGITQDTQGVHLHSSRKGDLYGGNMFRFATLPVYEGIKYYTVIPRSFRSKANKREAWAAFYVYKLHQLTYLLDFSVDGYIRRAIDCGHDDLSQLHCSYTSFEVDTGVYSVSSYEASATGTFIEQPNVTECDFSPMLTGVAPQVYNFKRLVFSNCNYNLTKLLSLFAVDEFSCNGISPDAIARGCYSTLTVDYFAYPLSMKSYIRPGSAGNIPLYNYKQSFANPTCRVMASVPDNVTITKPGAYGYISKCSRLTGVNQDIETPLYINPGEYSICRDFAPLGFSEDGQVFKRTLTQFEGGGLLIGVGTRVPMTANLEMGFVISVQYGTGTDSVCPMLDLGDSLTITNRLGKCVDYSLYGVTGRGVFQNCTAVGVKQQRFVYDSFDNLVGYYSDDGNYYCVRPCVSVPVSVIYDKSTNLHATLFGSVACEHVTTMMSQFSRLTQSNLRRRDSNTPLQTAVGCVIGLSNNSLVVSDCKLPLGQSLCAVPPVSMFRSYSASQFQLAVLNYTSPIVVTPINSSGFTAAIPTNFSFSLTQEYIETSIQKVTVDCKQYVCNGFTRCEKLLVEYGQFCSKINQALHGANLRQDESVYSLYSNIKTTSTQTLEYGLNGDFNLTLLQVPQIGGSSYRSAIEDLLFDKVTIADPGYMQGYDDCMKQGPQSARDLICAQYVSGYKVLPPLYDPNMEAAYTSSLLGSIAGAGWTAGLSSFAAIPFAQSMFYRLNGVGITQQVLSENQKLIANKFNQALGAMQTGFTTSNLAFSKVQDAVNANAQALSKLASELSNTFGAISSSISDILARLDTVEQDAQIDRLINGRLTSLNAFVSQQLVRSETAARSAQLASDKVNECVKSQSKRNGFCGSGTHIVSFVVNAPNGFYFFHVGYVPTNYTNVTAAYGLCNHNNPPLCIAPIDGYFITNQTTTYSVDTEWYYTGSSFFKPEPITQANSRYVSSDVKFEKLENNLPPPLLENSTDVDFKDELEEFFKNVTSHGPNFAEISKINTTLLDLSDEMAILQEVVKQLNDSYIDLKELGNYTYYNKWPWYIWLGFIAGLVALLLCVFFLLCCTGCGTSCLGKMKCKNCCDSYEEYDVEKIHVH,Spike glycoprotein,SARS-CoV-2,1350
sp|Q0ZME7|SPIKE_CVHN5,MFLIIFILPTTLAVIGDFNCTNSFINDYNKTIPRISEDVVDVSLGLGTYYVLNRVYLNTTLLFTGYFPKSGANFRDLALKGSIYLSTLWYKPPFLSDFNNGIFSKVKNTKLYVNNTLYSEFSTIVIGSVFVNTSYTIVVQPHNGILEITACQYTMCEYPHTVCKSKGSIRNESWHIDSSEPLCLFKKNFTYNVSADWLYFHFYQERGVFYAYYADVGMPTTFLFSLYLGTILSHYYVMPLTCNAISSNTDNETLEYWVTPLSRRQYLLNFDEHGVITNAVDCSSSFLSEIQCKTQSFAPNTGVYDLSGFTVKPVATVYRRIPNLPDCDIDNWLNNVSVPSPLNWERRIFSNCNFNLSTLLRLVHVDSFSCNNLDKSKIFGSCFNSITVDKFAIPNRRRDDLQLGSSGFLQSSNYKIDISSSSCQLYYSLPLVNVTINNFNPSSWNRRYGFGSFNLSSYDVVYSDHCFSVNSDFCPCADPSVVNSCAKSKPPSAICPAGTKYRHCDLDTTLYVKNWCRCSCLPDPISTYSPNTCPQKKVVVGIGEHCPGLGINEEKCGTQLNHSSCFCSPDAFLGWSFDSCISNNRCNIFSNFIFNGINSGTTCSNDLLYSNTEISTGVCVNYDLYGITGQGIFKEVSAAYYNNWQNLLYDSNGNIIGFKDFLTNKTYTILPCYSGRVSAAFYQNSSSPALLYRNLKCSYVLNNISFISQPFYFDSYLGCVLNAVNLTSYSVSSCDLRMGSGFCIDYALPSSRRKRRGISSPYRFVTFEPFNVSFVNDSVETVGGLFEIQIPTNFTIAGHEEFIQTSSPKVTIDCSAFVCSNYAACHDLLSEYGTFCDNINSILNEVNDLLDITQLQVANALMQGVTLSSNLNTNLHSDVDNIDFKSLLGCLGSQCGSSSRSLLEDLLFNKVKLSDVGFVEAYNNCTGGSEIRDLLCVQSFNGIKVLPPILSETQISGYTTAATVAAMFPPWSAAAGVPFSLNVQYRINGLGVTMDVLNKNQKLIANAFNKALLSIQNGFTATNSALAKIQSVVNANAQALNSLLQQLFNKFGAISSSLQEILSRLDNLEAQVQIDRLINGRLTALNAYVSQQLSDITLIKAGASRAIEKVNECVKSQSPRINFCGNGNHILSLVQNAPYGLLFIHFSYKPTSFKTVLVSPGLCLSGDRGIAPKQGYFIKQNDSWMFTGSSYYYPEPISDKNVVFMNSCSVNFTKAPFIYLNNSIPNLSDFEAELSLWFKNHTSIAPNLTFNSHINATFLDLYYEMNVIQESIKSLNSSFINLKEIGTYEMYVKWPWYIWLLIVILFIIFLMILFFICCCTGCGSACFSKCHNCCDEYGGHNDFVIKASHDD,Spike glycoprotein,SARS-CoV-2,1351
sp|Q10589|BST2_HUMAN,MASTSYDYCRVPMEDGDKRCKLLLGIGILVLLIIVILGVPLIIFTIKANSEACRDGLRAVMECRNVTHLLQQELTEAQKGFQDVEAQAATCNHTVMALMASLDAEKAQGQKKVEELEGEITTLNHKLQDASAEVERLRRENQVLSVRIADKKYYPSSQDSSSAAAPQLLIVLLGLSALLQ,sp|Q10589|BST2_HUMAN Bone marrow stromal antigen 2 OS=Homo sapiens OX=9606 GN=BST2 PE=1 SV=1,SARS-CoV-2,180
sp|Q13241|KLRD1_HUMAN,MAVFKTTLWRLISGTLGIICLSLMSTLGILLKNSFTKLSIEPAFTPGPNIELQKDSDCCSCQEKWVGYRCNCYFISSEQKTWNESRHLCASQKSSLLQLQNTDELDFMSSSQQFYWIGLSYSEEHTAWLWENGSALSQYLFPSFETFNTKNCIAYNPNGNALDESCEDKNRYICKQQLI,sp|Q13241|KLRD1_HUMAN Natural killer cells antigen CD94 OS=Homo sapiens OX=9606 GN=KLRD1 PE=1 SV=2,SARS-CoV-2,179
sp|Q14416|GRM2_HUMAN,MGSLLALLALLLLWGAVAEGPAKKVLTLEGDLVLGGLFPVHQKGGPAEDCGPVNEHRGIQRLEAMLFALDRINRDPHLLPGVRLGAHILDSCSKDTHALEQALDFVRASLSRGADGSRHICPDGSYATHGDAPTAITGVIGGSYSDVSIQVANLLRLFQIPQISYASTSAKLSDKSRYDYFARTVPPDFFQAKAMAEILRFFNWTYVSTVASEGDYGETGIEAFELEARARNICVATSEKVGRAMSRAAFEGVVRALLQKPSARVAVLFTRSEDARELLAASQRLNASFTWVASDGWGALESVVAGSEGAAEGAITIELASYPISDFASYFQSLDPWNNSRNPWFREFWEQRFRCSFRQRDCAAHSLRAVPFEQESKIMFVVNAVYAMAHALHNMHRALCPNTTRLCDAMRPVNGRRLYKDFVLNVKFDAPFRPADTHNEVRFDRFGDGIGRYNIFTYLRAGSGRYRYQKVGYWAEGLTLDTSLIPWASPSAGPLPASRCSEPCLQNEVKSVQPGEVCCWLCIPCQPYEYRLDEFTCADCGLGYWPNASLTGCFELPQEYIRWGDAWAVGPVTIACLGALATLFVLGVFVRHNATPVVKASGRELCYILLGGVFLCYCMTFIFIAKPSTAVCTLRRLGLGTAFSVCYSALLTKTNRIARIFGGAREGAQRPRFISPASQVAICLALISGQLLIVVAWLVVEAPGTGKETAPERREVVTLRCNHRDASMLGSLAYNVLLIALCTLYAFKTRKCPENFNEAKFIGFTMYTTCIIWLAFLPIFYVTSSDYRVQTTTMCVSVSLSGSVVLGCLFAPKLHIILFQPQKNVVSHRAPTSRFGSAAARASSSLGQGSGSQFVPTVCNGREVVDSTTSSL,sp|Q14416|GRM2_HUMAN Metabotropic glutamate receptor 2 OS=Homo sapiens OX=9606 GN=GRM2 PE=1 SV=2,SARS-CoV-2,872
sp|Q14EB0|SPIKE_CVHN2,MFLIIFILPTTLAVIGDFNCTNSFINDYNKTIPRISEDVVDVSLGLGTYYVLNRVYLNTTLLFTGYFPKSGANFRDLALKGSKYLSTLWYKPPFLSDFNNGIFSKVKNTKLYVNNTLYSEFSTIVIGSVFVNTSYTIVVQPHNGILEITACQYTMCEYPHTVCKSKGSIRNESWHIDSSEPLCLFKKNFTYNVSADWLYFHFYQERGVFYAYYADVGMPTTFLFSLYLGTILSHYYVMPLTCKAISSNTDNETLEYWVTPLSRRQYLLNFDEHGVITNAVDCSSSFLSEIQCKTQSFAPNTGVYDLSGFTVKPVATVYRRIPNLPDCDIDNWLNNVSVPSPLNWERRIFSNCNFNLSTLLRLVHVDSFSCNNLDKSKIFGSCFNSITVDKFAIPNRRRDDLQLGSSGFLQSSNYKIDISSSSCQLYYSLPLVNVTINNFNPSSWNRRYGFGSFNVSSYDVVYSDHCFSVNSDFCPCADPSVVNSCVKSKPLSAICPAGTKYRHCDLDTTLYVNNWCRCSCLPDPISTYSPNTCPQKKVVVGIGEHCPGLGINEEKCGTQLNHSSCSCSPDAFLGWSFDSCISNNRCNIFSNFIFNGINSGTTCSNDLLYSNTEVSTGVCVNYDLYGITGQGIFKEVSAAYYNNWQNLLYDSNGNIIGFKDFLTNKTYTILPCYSGRVSAAFYQNSSSPALLYRNLKCSYVLNNISFISQPFYFDSYLGCVLNAVNLTSYSVSSCDLRMGSGFCIDYALPSSRRKRRGISSPYRFVTFEPFNVSFVNDSVETVGGLFEIQIPTNFTIAGHEEFIQTSSPKVTIDCSAFVCSNYAACHDLLSEYGTFCDNINSILNEVNDLLDITQLQVANALMQGVTLSSNLNTNLHSDVDNIDFKSLLGCLGSQCGSSSRSLLEDLLFNKVKLSDVGFVEAYNNCTGGSEIRDLLCVQSFNGIKVLPPILSETQISGYTTAATVAAMFPPWSAAAGVPFSLNVQYRINGLGVTMDVLNKNQKLIANAFNKALLSIQNGFTATNSALAKIQSVVNANAQALNSLLQQLFNKFGAISSSLQEILSRLDNLEAQVQIDRLINGRLTALNAYVSQQLSDITLIKAGASRAIEKVNECVKSQSPRINFCGNGNHILSLVQNAPYGLLFIHFSYKPTSFKTVLVSPGLCLSGDRGIAPKQGYFIKQNDSWMFTGSSYYYPEPISDKNVVFMNSCSVNFTKAPFIYLNNSIPNLSDFEAEFSLWFKNHTSIAPNLTFNSHINATFLDLYYEMNVIQESIKSLNSSFINLKEIGTYEMYVKWPWYIWLLIVILFIIFLMILFFICCCTGCGSACFSKCHNCCDEYGGHNDFVIKASHDD,Spike glycoprotein,SARS-CoV-2,1351
sp|Q16553|LY6E_HUMAN,MKIFLPVLLAALLGVERASSLMCFSCLNQKSNLYCLKPTICSDQDNYCVTVSASAGIGNLVTFGHSLSKTCSPACPIPEGVNVGVASMGISCCQSFLCNFSAADGGLRASVTLLGAGLLLSLLPALLRFGP,sp|Q16553|LY6E_HUMAN Lymphocyte antigen 6E OS=Homo sapiens OX=9606 GN=LY6E PE=1 SV=1,SARS-CoV-2,131
sp|Q3I5J5|SPIKE_BCRP3,MKILILAFLASLAKAQEGCGIISRKPQPKMAQVSSSRRGVYYNDDIFRSNVLHLTQDYFLPFDSNLTQYFSLNVDSDRFTYFDNPILDFGDGVYFAATEKSNVIRGWIFGSTFDNTTQSAVIVNNSTHIIIRVCNFNLCKEPMYTVSRGAQQSSWVYQSAFNCTYDRVEKSFQLDTAPKTGNFKDLREYVFKNRDGFLSVYQTYTAVNLPRGLPIGFSVLRPILKLPFGINITSYRVVMAMFSQTTSNFLPESAAYYVGNLKYTTFMLSFNENGTITNAIDCAQNPLAELKCTIKNFNVSKGIYQTSNFRVSPTQEVIRFPNITNRCPFDKVFNATRFPNVYAWERTKISDCVADYTVLYNSTSFSTFKCYGVSPSKLIDLCFTSVYADTFLIRSSEVRQVAPGETGVIADYNYKLPDDFTGCVIAWNTAKQDQGQYYYRSHRKTKLKPFERDLSSDENGVRTLSTYDFYPSVPVAYQATRVVVLSFELLNAPATVCGPKLSTQLVKNQCVNFNFNGLKGTGVLTESSKRFQSFQQFGRDTSDFTDSVRDPQTLEILDISPCSFGGVSVITPGTNASSEVAVLYQDVNCTDVPAAIHADQLTPAWRVYSTGTNVFQTQAGCLIGAEHVNASYECDIPIGAGICASYHTASTLRSVGQKSIVAYTMSLGAENSIAYANNSIAIPTNFSISVTTEVMPVSMAKTSVDCTMYICGDSLECSNLLLQYGSFCTQLNRALSGIAIEQDKNTQEVFAQVKQMYKTPAIKDFGGFNFSQILPDPSKPTKRSFIEDLLFNKVTLADAGFMKQYGECLGDISARDLICAQKFNGLTVLPPLLTDEMIAAYTAALVSGTATAGWTFGAGSALQIPFAMQMAYRFNGIGVTQNVLYENQKQIANQFNKAISQIQESLTTTSTALGKLQDVVNQNAQALNTLVKQLSSNFGAISSVLNDILSRLDKVEAEVQIDRLITGRLQSLQTYVTQQLIRAAEIRASANLAATKMSECVLGQSKRVDFCGKGYHLMSFPQAAPHGVVFLHVTYVPSQERNFTTAPAICHEGKAYFPREGVFVSNGTSWFITQRNFYSPQIITTDNTFVAGSCDVVIGIINNTVYDPLQPELDSFKEELDKYFKNHTSPDVDLGDISGINASVVNIQKEIDRLNEVAKNLNESLIDLQELGKYEQYIKWPWYVWLGFIAGLIAIVMVTILLCCMTSCCSCLKGACSCGSCCKFDEDDSEPVLKGVKLHYT,Spike glycoprotein,SARS-CoV-2,1241
sp|Q3LZX1|SPIKE_BCHK3,MKILIFAFLANLAKAQEGCGIISRKPQPKMAQVSSSRRGVYYNDDIFRSDVLHLTQDYFLPFDSNLTQYFSLNVDSDRYTYFDNPILDFGDGVYFAATEKSNVIRGWIFGSSFDNTTQSAVIVNNSTHIIIRVCNFNLCKEPMYTVSRGTQQNAWVYQSAFNCTYDRVEKSFQLDTTPKTGNFKDLREYVFKNRDGFLSVYQTYTAVNLPRGLPTGFSVLKPILKLPFGINITSYRVVMAMFSQTTSNFLPESAAYYVGNLKYSTFMLRFNENGTITDAVDCSQNPLAELKCTIKNFNVDKGIYQTSNFRVSPTQEVIRFPNITNRCPFDKVFNATRFPNVYAWERTKISDCVADYTVLYNSTSFSTFKCYGVSPSKLIDLCFTSVYADTFLIRSSEVRQVAPGETGVIADYNYKLPDDFTGCVIAWNTAKHDTGNYYYRSHRKTKLKPFERDLSSDDGNGVYTLSTYDFNPNVPVAYQATRVVVLSFELLNAPATVCGPKLSTELVKNQCVNFNFNGLKGTGVLTSSSKRFQSFQQFGRDTSDFTDSVRDPQTLEILDISPCSFGGVSVITPGTNASSEVAVLYQDVNCTDVPTAIRADQLTPAWRVYSTGVNVFQTQAGCLIGAEHVNASYECDIPIGAGICASYHTASVLRSTGQKSIVAYTMSLGAENSIAYANNSIAIPTNFSISVTTEVMPVSMAKTAVDCTMYICGDSLECSNLLLQYGSFCTQLNRALTGIAIEQDKNTQEVFAQVKQMYKTPAIKDFGGFNFSQILPDPSKPTKRSFIEDLLFNKVTLADAGFMKQYGDCLGDVSARDLICAQKFNGLTVLPPLLTDEMVAAYTAALVSGTATAGWTFGAGAALQIPFAMQMAYRFNGIGVTQNVLYENQKLIANQFNSAIGKIQESLSSTASALGKLQDVVNQNAQALNTLVKQLSSNFGAISSVLNDILSRLDKVEAEVQIDRLITGRLQSLQTYVTQQLIRAAEIRASANLAATKMSECVLGQSKRVDFCGKGYHLMSFPQSAPHGVVFLHVTYVPSQEKNFTTAPAICHEGKAYFPREGVFVSNGTSWFITQRNFYSPQLITTDNTFVSGNCDVVIGIINNTVYDPLQPELDSFKEELDKYFKNHTSPDVDLGDISGINASVVNIQKEIDRLNEVAKNLNESLIDLQELGKYEQYIKWPWYVWLGFIAGLIAIVMVTILLCCMTSCCSCLKGACSCGSCCKFDEDDSEPVLKGVKLHYT,Spike glycoprotein,SARS-CoV-2,1242
sp|Q4KMQ2|ANO6_HUMAN,MKKMSRNVLLQMEEEEDDDDGDIVLENLGQTIVPDLGSLESQHDFRTPEFEEFNGKPDSLFFNDGQRRIDFVLVYEDESRKETNKKGTNEKQRRKRQAYESNLICHGLQLEATRSVLDDKLVFVKVHAPWEVLCTYAEIMHIKLPLKPNDLKNRSSAFGTLNWFTKVLSVDESIIKPEQEFFTAPFEKNRMNDFYIVDRDAFFNPATRSRIVYFILSRVKYQVINNVSKFGINRLVNSGIYKAAFPLHDCKFRRQSEDPSCPNERYLLYREWAHPRSIYKKQPLDLIRKYYGEKIGIYFAWLGYYTQMLLLAAVVGVACFLYGYLNQDNCTWSKEVCHPDIGGKIIMCPQCDRLCPFWKLNITCESSKKLCIFDSFGTLVFAVFMGVWVTLFLEFWKRRQAELEYEWDTVELQQEEQARPEYEARCTHVVINEITQEEERIPFTAWGKCIRITLCASAVFFWILLIIASVIGIIVYRLSVFIVFSAKLPKNINGTDPIQKYLTPQTATSITASIISFIIIMILNTIYEKVAIMITNFELPRTQTDYENSLTMKMFLFQFVNYYSSCFYIAFFKGKFVGYPGDPVYWLGKYRNEECDPGGCLLELTTQLTIIMGGKAIWNNIQEVLLPWIMNLIGRFHRVSGSEKITPRWEQDYHLQPMGKLGLFYEYLEMIIQFGFVTLFVASFPLAPLLALVNNILEIRVDAWKLTTQFRRLVPEKAQDIGAWQPIMQGIAILAVVTNAMIIAFTSDMIPRLVYYWSFSVPPYGDHTSYTMEGYINNTLSIFKVADFKNKSKGNPYSDLGNHTTCRYRDFRYPPGHPQEYKHNIYYWHVIAAKLAFIIVMEHVIYSVKFFISYAIPDVSKRTKSKIQREKYLTQKLLHENHLKDMTKNMGVIAERMIEAVDNNLRPKSE,sp|Q4KMQ2|ANO6_HUMAN Anoctamin-6 OS=Homo sapiens OX=9606 GN=ANO6 PE=1 SV=2,SARS-CoV-2,910
sp|Q56NL1|ACE2_PAGLA,MSGSFWLLLSFAALTAAQSTTEELAKTFLETFNYEAQELSYQSSVASWNYNTNITDENAKNMNEAGAKWSAYYEEQSKLAQTYPLAEIQDAKIKRQLQALQQSGSSVLSADKSQRLNTILNAMSTIYSTGKACNPNNPQECLLLEPGLDNIMENSKDYNERLWAWEGWRAEVGKQLRPLYEEYVALKNEMARANNYEDYGDYWRGDYEEEWTGGYNYSRNQLIQDVEDTFEQIKPLYQHLHAYVRAKLMDTYPSRISRTGCLPAHLLGDMWGRFWTNLYPLTVPFGQKPNIDVTDAMVNQNWDARRIFKEAEKFFVSVGLPNMTQGFWENSMLTEPGDGRKVVCHPTAWDLGKGDFRIKMCTKVTMDDFLTAHHEMGHIQYDMAYAAQPFLLRNGANEGFHEAVGEIMSLSAATPNHLKTIGLLSPAFSEDNETEINFLLKQALTIVGTLPFTYMLEKWRWMVFKGAIPKEQWMQKWWEMKRNIVGVVEPVPHDETYCDPASLFHVANDYSFIRYYTRTIYQFQFQEALCQIAKHEGPLHKCDISNSTEAGKKLLEMLSLGRSEPWTLALERVVGAKNMNVTPLLNYFEPLFTWLKEQNRNSFVGWDTDWRPYSDQSIKVRISLKSALGEKAYEWNDNEMYLFRSSIAYAMREYFSKVKNQTIPFVEDNVWVSDLKPRISFNFFVTFSNNVSDVIPRSEVEDAIRMSRSRINDAFRLDDNSLEFLGIEPTLSPPYRPPVTIWLIVFGVVMGAIVVGIVLLIVSGIRNRRKNDQAGSEENPYASVDLNKGENNPGFQHADDVQTSF,sp|Q56NL1|ACE2_PAGLA Angiotensin-converting enzyme 2 OS=Paguma larvata OX=9675 GN=ACE2 PE=1 SV=1,SARS-CoV-2,805
sp|Q5EGZ1|ACE2_RAT,MSSSCWLLLSLVAVATAQSLIEEKAESFLNKFNQEAEDLSYQSSLASWNYNTNITEENAQKMNEAAAKWSAFYEEQSKIAQNFSLQEIQNATIKRQLKALQQSGSSALSPDKNKQLNTILNTMSTIYSTGKVCNSMNPQECFLLEPGLDEIMATSTDYNRRLWAWEGWRAEVGKQLRPLYEEYVVLKNEMARANNYEDYGDYWRGDYEAEGVEGYNYNRNQLIEDVENTFKEIKPLYEQLHAYVRTKLMEVYPSYISPTGCLPAHLLGDMWGRFWTNLYPLTTPFLQKPNIDVTDAMVNQSWDAERIFKEAEKFFVSVGLPQMTPGFWTNSMLTEPGDDRKVVCHPTAWDLGHGDFRIKMCTKVTMDNFLTAHHEMGHIQYDMAYAKQPFLLRNGANEGFHEAVGEIMSLSAATPKHLKSIGLLPSNFQEDNETEINFLLKQALTIVGTLPFTYMLEKWRWMVFQDKIPREQWTKKWWEMKREIVGVVEPLPHDETYCDPASLFHVSNDYSFIRYYTRTIYQFQFQEALCQAAKHDGPLHKCDISNSTEAGQKLLNMLSLGNSGPWTLALENVVGSRNMDVKPLLNYFQPLFVWLKEQNRNSTVGWSTDWSPYADQSIKVRISLKSALGKNAYEWTDNEMYLFRSSVAYAMREYFSREKNQTVPFGEADVWVSDLKPRVSFNFFVTSPKNVSDIIPRSEVEEAIRMSRGRINDIFGLNDNSLEFLGIYPTLKPPYEPPVTIWLIIFGVVMGTVVVGIVILIVTGIKGRKKKNETKREENPYDSMDIGKGESNAGFQNSDDAQTSF,sp|Q5EGZ1|ACE2_RAT Angiotensin-converting enzyme 2 OS=Rattus norvegicus OX=10116 GN=Ace2 PE=1 SV=1,SARS-CoV-2,805
sp|Q5MQD0|SPIKE_CVHN1,MLLIIFILPTTLAVIGDFNCTNFAINDLNTTVPRISEYVVDVSYGLGTYYILDRVYLNTTILFTGYFPKSGANFRDLSLKGTTYLSTLWYQKPFLSDFNNGIFSRVKNTKLYVNKTLYSEFSTIVIGSVFINNSYTIVVQPHNGVLEITACQYTMCEYPHTICKSKGSSRNESWHFDKSEPLCLFKKNFTYNVSTDWLYFHFYQERGTFYAYYADSGMPTTFLFSLYLGTLLSHYYVLPLTCNAISSNTDNETLQYWVTPLSKRQYLLKFDNRGVITNAVDCSSSFFSEIQCKTKSLLPNTGVYDLSGFTVKPVATVHRRIPDLPDCDIDKWLNNFNVPSPLNWERKIFSNCNFNLSTLLRLVHTDSFSCNNFDESKIYGSCFKSIVLDKFAIPNSRRSDLQLGSSGFLQSSNYKIDTTSSSCQLYYSLPAINVTINNYNPSSWNRRYGFNNFNLSSHSVVYSRYCFSVNNTFCPCAKPSFASSCKSHKPPSASCPIGTNYRSCESTTVLDHTDWCRCSCLPDPITAYDPRSCSQKKSLVGVGEHCAGFGVDEEKCGVLDGSYNVSCLCSTDAFLGWSYDTCVSNNRCNIFSNFILNGINSGTTCSNDLLQPNTEVFTDVCVDYDLYGITGQGIFKEVSAVYYNSWQNLLYDSNGNIIGFKDFVTNKTYNIFPCYAGRVSAAFHQNASSLALLYRNLKCSYVLNNISLTTQPYFDSYLGCVFNADNLTDYSVSSCALRMGSGFCVDYNSPSSSSSRRKRRSISASYRFVTFEPFNVSFVNDSIESVGGLYEIKIPTNFTIVGQEEFIQTNSPKVTIDCSLFVCSNYAACHDLLSEYGTFCDNINSILDEVNGLLDTTQLHVADTLMQGVTLSSNLNTNLHFDVDNINFKSLVGCLGPHCGSSSRSFFEDLLFDKVKLSDVGFVEAYNNCTGGSEIRDLLCVQSFNGIKVLPPILSESQISGYTTAATVAAMFPPWSAAAGIPFSLNVQYRINGLGVTMDVLNKNQKLIATAFNNALLSIQNGFSATNSALAKIQSVVNSNAQALNSLLQQLFNKFGAISSSLQEILSRLDALEAQVQIDRLINGRLTALNAYVSQQLSDISLVKFGAALAMEKVNECVKSQSPRINFCGNGNHILSLVQNAPYGLLFMHFSYKPISFKTVLVSPGLCISGDVGIAPKQGYFIKHNDHWMFTGSSYYYPEPISDKNVVFMNTCSVNFTKAPLVYLNHSVPKLSDFESELSHWFKNQTSIAPNLTLNLHTINATFLDLYYEMNLIQESIKSLNNSYINLKDIGTYEMYVKWPWYVWLLISFSFIIFLVLLFFICCCTGCGSACFSKCHNCCDEYGGHHDFVIKTSHDD,Spike glycoprotein,SARS-CoV-2,1356
sp|Q5W0Z9|ZDH20_HUMAN,MAPWTLWRCCQRVVGWVPVLFITFVVVWSYYAYVVELCVFTIFGNEENGKTVVYLVAFHLFFVMFVWSYWMTIFTSPASPSKEFYLSNSEKERYEKEFSQERQQEILRRAARALPIYTTSASKTIRYCEKCQLIKPDRAHHCSACDSCILKMDHHCPWVNNCVGFSNYKFFLLFLLYSLLYCLFVAATVLEYFIKFWTNELTDTRAKFHVLFLFFVSAMFFISVLSLFSYHCWLVGKNRTTIESFRAPTFSYGPDGNGFSLGCSKNWRQVFGDEKKYWLLPIFSSLGDGCSFPTRLVGMDPEQASVTNQNEYARSSGSNQPFPIKPLSESKNRLLDSESQWLENGAEEGIVKSGTNNHVTVAIEN,sp|Q5W0Z9|ZDH20_HUMAN Palmitoyltransferase ZDHHC20 OS=Homo sapiens OX=9606 GN=ZDHHC20 PE=1 SV=1,SARS-CoV-2,365
sp|Q695T7|S6A19_HUMAN,MVRLVLPNPGLDARIPSLAELETIEQEEASSRPKWDNKAQYMLTCLGFCVGLGNVWRFPYLCQSHGGGAFMIPFLILLVLEGIPLLYLEFAIGQRLRRGSLGVWSSIHPALKGLGLASMLTSFMVGLYYNTIISWIMWYLFNSFQEPLPWSDCPLNENQTGYVDECARSSPVDYFWYRETLNISTSISDSGSIQWWMLLCLACAWSVLYMCTIRGIETTGKAVYITSTLPYVVLTIFLIRGLTLKGATNGIVFLFTPNVTELAQPDTWLDAGAQVFFSFSLAFGGLISFSSYNSVHNNCEKDSVIVSIINGFTSVYVAIVVYSVIGFRATQRYDDCFSTNILTLINGFDLPEGNVTQENFVDMQQRCNASDPAAYAQLVFQTCDINAFLSEAVEGTGLAFIVFTEAITKMPLSPLWSVLFFIMLFCLGLSSMFGNMEGVVVPLQDLRVIPPKWPKEVLTGLICLGTFLIGFIFTLNSGQYWLSLLDSYAGSIPLLIIAFCEMFSVVYVYGVDRFNKDIEFMIGHKPNIFWQVTWRVVSPLLMLIIFLFFFVVEVSQELTYSIWDPGYEEFPKSQKISYPNWVYVVVVIVAGVPSLTIPGYAIYKLIRNHCQKPGDHQGLVSTLSTASMNGDLKY,sp|Q695T7|S6A19_HUMAN Sodium-dependent neutral amino acid transporter B(0)AT1 OS=Homo sapiens OX=9606 GN=SLC6A19 PE=1 SV=1,SARS-CoV-2,634
sp|Q6UXB4|CLC4G_HUMAN,MDTTRYSKWGGSSEEVPGGPWGRWVHWSRRPLFLALAVLVTTVLWAVILSILLSKASTERAALLDGHDLLRTNASKQTAALGALKEEVGDCHSCCSGTQAQLQTTRAELGEAQAKLMEQESALRELRERVTQGLAEAGRGREDVRTELFRALEAVRLQNNSCEPCPTSWLSFEGSCYFFSVPKTTWAAAQDHCADASAHLVIVGGLDEQGFLTRNTRGRGYWLGLRAVRHLGKVQGYQWVDGVSLSFSHWNQGEPNDAWGRENCVMMLHTGLWNDAPCDSEKDGWICEKRHNC,sp|Q6UXB4|CLC4G_HUMAN C-type lectin domain family 4 member G OS=Homo sapiens OX=9606 GN=CLEC4G PE=1 SV=1,SARS-CoV-2,293
sp|Q8BB25|SPIKE_CVP67,MFFILLISLPSAFAVIGDLKCTTSLINDVDTGVPSISSEVVDVTNGLGTFYVLDRVYLNTTLLLNGYYPISGATFRNMALKGTRLLSTLWFKPPFLSPFNDGIFAKVKNSRFSKDGVIYSEFPAITIGSTFVNTSYSIVVEPHTSLINGNLQGLLQISVCQYTMCEYPHTICHPNLGNQRIELWHYDTDVVSCLYRRNFTYDVNADYLYFHFYQEGGTFYAYFTDTGFVTKFLFKLYLGTVLSHYYVMPLTCNSALSLEYWVTPLTTRQFLLAFDQDGVLYHAVDCASDFMSEIMCKTSSITPPTGVYELNGYTVQPVATVYRRIPDLPNCDIEAWLNSKTVSSPLNWERKIFSNCNFNMGRLMSFIQADSFGCNNIDASRLYGMCFGSITIDKFAIPNSRKVDLQVGKSGYLQSFNYKIDTAVSSCQLYYSLPAANVSVTHYNPSSWNRRYGFNNQSFGSRGLHDAVYSQQCFNTPNTYCPCRTSQCIGGAGTGTCPVGTTVRKCFAAVTKATKCTCWCQPDPSTYKGVNAWTCPQSKVSIQPGQHCPGLGLVEDDCSGNPCTCKPQAFIGWSSETCLQNGRCNIFANFILNDVNSGTTCSTDLQQGNTIITTDVCVNYDLYGITGQGILIEVNATYYNSWQNLLYDSSGNLYGFRDYLSNRTFLIRSCYSGRVSAVFHANSSEPALMFRNLKCSHVFNNTILRQIQLVNYFDSYLGCVVNAYNNTASAVSTCDLTVGSGYCVDYVTALRSRRSFTTGYRFTNFEPFAANLVNDSIEPVGGLYEIQIPSEFTIGNLEEFIQTRSPKVTIDCATFVCGDYAACRQQLAEYGSFCENINAILTEVNELLDTTQLQVANSLMNGVTLSTKIKDGINFNVDDINFSPVLGCLGSECNRASTRSAIEDLLFDKVKLSDVGFVQAYNNCTGGAEIRDLICVQSYNGIKVLPPLLSENQISGYTLAATAASLFPPWTAAAGVPFYLNVQYRINGLGVTMDVLSQNQKLIASAFNNALDAIQEGFDATNSALVKIQAVVNANAEALNNLLQQLSNRFGAISASLQEILSRLDALEAKAQIDRLINGRLTALNAYVSQQLSDSTLVKFSAAQAIEKVNECVKSQSSRINFCGNGNHIISLVQNAPYGLYFIHFSYVPTKYVTAKVSPGLCIAGDIGISPKSGYFINVNNSWMFTGSSYYYPEPITQNNVVVMSTCAVNYTKAPDLMLNTSTPNLPDFKEELYQWFKNQSSVAPDLSLDYINVTFLDLQDEMNRLQEAIKVLNQSYINLKDIGTYEYYVKWPWYVWLLIGLAGVAMLVLLFFICCCTGCGTSCFKKCGGCCDDYTGHQEFVIKTSHDD,Spike glycoprotein,SARS-CoV-2,1349
sp|Q8JSP8|SPIKE_CVPIA,MFFILLITLPSVFAVIGDLKCNTSSINDVDTGVPSISSEVVDVTNGLGTFYVLDRVYLNTTLLLNGYYPISGATFRNVALKGTRLLSTLWFKPPFLSPFNDGIFAKVKNSRFSKHGVIYSEFPAITIGSTFVNTSYSIVVKPHTSFINGNLQGFLQISVCQYTMCEYPQTICHPNLGNQRIELWHHDTDVVSCLYRRNFTYDVNADYLYFHFYQEGGTFYAYFTDTGFVTKFLFKLYLGTVLSHYYVMPLTCDSALSLEYWVTPLTTRQFLLAFDQDGVLYHAVDCASDFMSEIMCKTSSITPPTGVYELNGYTVQPVATVYRRIPDLPNCDIEAWLNSKTVSSPLNWERKIFSNCNFNMGRLMSFIQADSFGCNNIDASRLYGMCFGSITIDKFAIPNSRKVDLQVGKSGYLQSFNYKIDTAVSSCQLYYSLPAANVSVTHYNPSSWNRRYGFINQSFGSRGLHDAVYSQQCFNTPNTYCPCRTSQCIGGAGTGTCPVGTTVRKCFAAVTNATKCTCWCQPDPSTYKGVNAWTCPQSKVSIQPGQHCPGLGLVEDDCSGNPCTCKPQAFIGWSSETCLQNGRCNIFANFILNDVNSGTTCSTDLQQGNTNITTDVCVNYDLYGITGQGILIEVNATYYNSWQNLLYDSSGNLYGFRDYLSNRTFLIRSCYSGRVSAVFHANSSEPALMFRNLKCSHVFNYTILRQIQLVNYFDSYLGCVVNAYNNTASAVSTCDLTVGSGYCVDYVTALRSRRSFTTGYRFTNFEPFAANLVNDSIEPVGGLYEIQIPSEFTIGNLEEFIQTSSPKVTIDCATFVCGDYAACRQQLAEYGSFCENINAILIEVNELLDTTQLQVANSLMNGVTLSTKIKDGINFNVDDINFSSVLGCLGSECNRASTRSAIEDLLFDKVKLSDVGFVQAYNNCTGGAEIRDLICVQSYNGIKVLPPLLSENQISGYTSAATAASLFPPWTAAAGVPFYLNVQYRINGLGVTMDVLSQNQKLIASAFNNALDSIQEGFDATNSALVKIQAVVNANAEALNNLLQQLSNRFGAISASLQEILSRLDALEAKAQIDRLINGRLTALNAYVSQQLSDSTLVKFSAAQAIEKVNECVKSQSSRINFCGNGNHIISLVQNAPYGLYFIHFSYVPTKYVTAKVSPGLCIAGDIGISPKSGYFINVNNSWMFTGSGYYYPEPITQNNVVVMSTCAVNYTKAPDLMLNTSTPNLPDFKEELYQWFKNQSSLAPDLSFDYINVTFLDLQDEMNRLQEAIKVLNHSYINLKDIGTYEYYVKWPWYVWLLICLAGVVMLVLLFFICCCTGCGTSCFKKCGGCFDDYTGHQEFVIKTSHDD,Spike glycoprotein,SARS-CoV-2,1349
sp|Q8NHX9|TPC2_HUMAN,MAEPQAESEPLLGGARGGGGDWPAGLTTYRSIQVGPGAAARWDLCIDQAVVFIEDAIQYRSINHRVDASSMWLYRRYYSNVCQRTLSFTIFLILFLAFIETPSSLTSTADVRYRAAPWEPPCGLTESVEVLCLLVFAADLSVKGYLFGWAHFQKNLWLLGYLVVLVVSLVDWTVSLSLVCHEPLRIRRLLRPFFLLQNSSMMKKTLKCIRWSLPEMASVGLLLAIHLCLFTMFGMLLFAGGKQDDGQDRERLTYFQNLPESLTSLLVLLTTANNPDVMIPAYSKNRAYAIFFIVFTVIGSLFLMNLLTAIIYSQFRGYLMKSLQTSLFRRRLGTRAAFEVLSSMVGEGGAFPQAVGVKPQNLLQVLQKVQLDSSHKQAMMEKVRSYGSVLLSAEEFQKLFNELDRSVVKEHPPRPEYQSPFLQSAQFLFGHYYFDYLGNLIALANLVSICVFLVLDADVLPAERDDFILGILNCVFIVYYLLEMLLKVFALGLRGYLSYPSNVFDGLLTVVLLVLEISTLAVYRLPHPGWRPEMVGLLSLWDMTRMLNMLIVFRFLRIIPSMKLMAVVASTVLGLVQNMRAFGGILVVVYYVFAIIGINLFRGVIVALPGNSSLAPANGSAPCGSFEQLEYWANNFDDFAAALVTLWNLMVVNNWQVFLDAYRRYSGPWSKIYFVLWWLVSSVIWVNLFLALILENFLHKWDPRSHLQPLAGTPEATYQMTVELLFRDILEEPGEDELTERLSQHPHLWLCR,sp|Q8NHX9|TPC2_HUMAN Two pore channel protein 2 OS=Homo sapiens OX=9606 GN=TPCN2 PE=1 SV=2,SARS-CoV-2,752
sp|Q8TF66|LRC15_HUMAN,MPLKHYLLLLVGCQAWGAGLAYHGCPSECTCSRASQVECTGARIVAVPTPLPWNAMSLQILNTHITELNESPFLNISALIALRIEKNELSRITPGAFRNLGSLRYLSLANNKLQVLPIGLFQGLDSLESLLLSSNQLLQIQPAHFSQCSNLKELQLHGNHLEYIPDGAFDHLVGLTKLNLGKNSLTHISPRVFQHLGNLQVLRLYENRLTDIPMGTFDGLVNLQELALQQNQIGLLSPGLFHNNHNLQRLYLSNNHISQLPPSVFMQLPQLNRLTLFGNSLKELSPGIFGPMPNLRELWLYDNHISSLPDNVFSNLRQLQVLILSRNQISFISPGAFNGLTELRELSLHTNALQDLDGNVFRMLANLQNISLQNNRLRQLPGNIFANVNGLMAIQLQNNQLENLPLGIFDHLGKLCELRLYDNPWRCDSDILPLRNWLLLNQPRLGTDTVPVCFSPANVRGQSLIIINVNVAVPSVHVPEVPSYPETPWYPDTPSYPDTTSVSSTTELTSPVEDYTDLTTIQVTDDRSVWGMTQAQSGLAIAAIVIGIVALACSLAACVGCCCCKKRSQAVLMQMKAPNEC,sp|Q8TF66|LRC15_HUMAN Leucine-rich repeat-containing protein 15 OS=Homo sapiens OX=9606 GN=LRRC15 PE=1 SV=2,SARS-CoV-2,581
sp|Q8V436|SPIKE_CVBLU,MFLILLISLPTAFAVIGDLKCTTVSINDVDTGVPSISTDTVDVTKGLGTYYVLDRVYLNTTLLLNGYYPTSGSTYRNMALKGTLLLSTLWFKPPFLSDFTNGIFAKVKNTKVIKDGVMYSEFPAITIGSTFVNTSYSVVVQPHTTILGNKLQGFLEISVCQYTMCEYPNTICNPNLGNRRVELWHWDTGVVSCLYKRNFTYDVNADYLYFHFYQEGGTFYAYFTDTGVVTKFLFNVYLGTVLSHYYVMPLTCNSALTLEYWVTPLTSKQYLLAFNQDGVIFNAVDCKSDFMSEIKCKTLSIAPSTGVYELNGYTVQPIADVYRRIPNLPDCNIEAWLNDKSVPSPLNWERKTFSNCNFNMSSLMSFIQADSFTCNNIDAAKIYGMCFSSITIDKFAIPNGRKVDLQLGNLGYLQSFNYRIDTTATSCQLYYNLPAANVSVSRFNPSTWNRRFGFTEQSVFKPQPAGVFTDHDVVYAQHCFKAPTNFCPCKLDGSLCVGNGPGIDAGYKTSGIGTCPAGTNYLTCHNAAQCDCLCTPDPITSKATGPYKCPQTKYLVGIGEHCSGLAIKSDHCGGNPCTCQPQAFLGWSVDSCLQGDRCNIFANFILHDVNSGTTCSTDLQKSNTDIILGVCVNYDLYGITGQGIFVEVNATYYNSWQNLLYDSNGNLYGFRDYLTNRTFMIRSCYSGRVSAAFHANSSEPALLFRNIKCNYVFNNTLSRQLQPINYFDSYLGCVVNADNSTSSVVQTCDLTVGSGYCVDYSTKRRSRRSITTGYRFTNFEPFTVNSVNDSLEPVGGLYEIQIPSEFTIGNMEEFIQTSSPKVTIDCSAFVCGDYAACKSQLVEYGSFCDNINAILTEVNELLDTTQLQVANSLMNGVTLSTKLKDGVNFNVDDINFSPVLGCLGSDCNKVSSRSAIEDLLFSKVKLSDVGFVEAYNNCTGGAEIRDLICVQSYNGIKVLPPLLSENQISGYTLAATSASLFPPWSAAAGVPFYLNVQYRINGIGVTMDVLSQNQKLIANAFNNALGAIQEGFDATNSALVKIQAVVNANAETLNNLLQQLSNRFGAISSSLQEILSRLDALEAQAQIDRLINGRLTALNAYVSQQLSDSTLVKFSAAQAMEKVNECVKSQSSRINFCGNGNHIISLVQNAPYGLYFIHFSYVPTKYVTAKVSPGLCIAGGRGIAPKSGYFVNVNNTWMFTGSGYYYPEPITGNNVVVMSTCAVNYTKAPDVMLNISTPNLPDFKEELDQWFKNQTSVAPDLSLDYINVTFLDLQDEMNRLQEAIKVLNQSYINLKDIGTYEYYVKWPWYVWLLIGFAGVAMLVLLFFICCCTGCGTSCFKKCGGCCDDYTGHQELVIKTSHED,Spike glycoprotein,SARS-CoV-2,1363
sp|Q91A26|SPIKE_CVBEN,MFLILLISLPTAFAVIGDLKCTTVSINDVDTGVPSISTDTVDVTNGLGTYYVLDRVYLNTTLLLNGYYPTSGSTYRNMALKGTLLLSTLWFKPPFLSDFTNGIFAKVKNTKVIKDGVMYSEFPAITIGSTFVNTSYSVVVQPHTTILGNKLQGFLEISVCQYTMCEYPNTICNPNLGNQRVELWHWDTGVVSCLYKRNFTYDVNADYLYFHFYQEGGTFYAYFTDTGVVTKFLFNVYLGTVLSHYYVMPLTCNSALTLEYWVTPLTSKQYLLAFNQDGVIFNAVDCKSDFMSEIKCKTLSIAPSTGVYELNGYTVQPIADVYRRIPNLPDCNIEAWLNDKSVPSPLNWERKTFSNCNFNMSSLMSFIQAYSFTCNNIDAAKIYGMCFSSITIDKFAIPNGRKVDLQLGNLGYLQSFNYRIDTTATSCQLYYNLPAANVSVSRFNPSTWNRRFGFTEQSVFKPQPAGVFTDHDVVYAQHCFKASTNFCPCKLDGSLCVGNGPGIDAGYKTSGIGTCPAGTNYLTCHNAAQCDCLCTPDPITSKATGPYKCPQTKYLVGIGEHCSGLAIKSDHCGGNPCTCQPQAFLGWSVDSCLQGDRCNIFANFILHDVNSGTTCSTDLQKSNTDIILGVCVNYDLYGITGQGIFVEVNATYYNSWQNLLYDSNGNLYGFRDYLTNRTFMIRSCYSGRVSAAFHANSSEPALLFRNIKCNYVFNNTLSRQLQPINYFDSYLGCVVNADNSTSSVVQTCDLTVGSGYCVDYSTKRRSRRSITTGYRFTNFEPFTVNSVNDSLEPVGGLYEIQIPSEFTIGNMEEFIQTSSPKVTIDCSAFVCGDYAACKSQLVEYGSFCDNINAILTEVNELLDTTQLQVANSLMNGVTLSTKLKDGVNFNVDDINFSPVLGCLGSDCNKVSSRSAIEDLLFSKVKLSDVGFVEAYNNCTGGAEIRDLICVQSYNGIKVLPPLLSENQISGYTLAATSASLFPPWSAAAGVPFYLNVQYRINGIGVTMDVLSQNQKLIANAFNNALGAIQEGFDATNSALVKIQAVVNANAEALNNLLQQLSNRFGAISSSLQEILSRLDALEAQAQIDRLINGRLTALNAYVSQQLSDSTLVKFSAAQAMEKVNECVKSQSSRINFCGNGNHIISLVQNAPYGLYFIHFSYVPTKYVTAKVSPGLCIAGDRGIAPKSGYFVNVNNTWMFTGSGYYYPEPITGNNVVVMSTCAVNYTKAPDVMLNISTPNLPYFKEELDQWFKNQTSVAPDLSLDYINVTFLDLQDEMNRLQEAIKVLNQSYINLKDIGTYEYYVKWPWYVWLLIGFAGVAMLVLLFFICCCTGCGTSCFKKCGGCCDDYTGHQELVIKTSHED,Spike glycoprotein,SARS-CoV-2,1363
sp|Q96P20|NLRP3_HUMAN,MKMASTRCKLARYLEDLEDVDLKKFKMHLEDYPPQKGCIPLPRGQTEKADHVDLATLMIDFNGEEKAWAMAVWIFAAINRRDLYEKAKRDEPKWGSDNARVSNPTVICQEDSIEEEWMGLLEYLSRISICKMKKDYRKKYRKYVRSRFQCIEDRNARLGESVSLNKRYTRLRLIKEHRSQQEREQELLAIGKTKTCESPVSPIKMELLFDPDDEHSEPVHTVVFQGAAGIGKTILARKMMLDWASGTLYQDRFDYLFYIHCREVSLVTQRSLGDLIMSCCPDPNPPIHKIVRKPSRILFLMDGFDELQGAFDEHIGPLCTDWQKAERGDILLSSLIRKKLLPEASLLITTRPVALEKLQHLLDHPRHVEILGFSEAKRKEYFFKYFSDEAQARAAFSLIQENEVLFTMCFIPLVCWIVCTGLKQQMESGKSLAQTSKTTTAVYVFFLSSLLQPRGGSQEHGLCAHLWGLCSLAADGIWNQKILFEESDLRNHGLQKADVSAFLRMNLFQKEVDCEKFYSFIHMTFQEFFAAMYYLLEEEKEGRTNVPGSRLKLPSRDVTVLLENYGKFEKGYLIFVVRFLFGLVNQERTSYLEKKLSCKISQQIRLELLKWIEVKAKAKKLQIQPSQLELFYCLYEMQEEDFVQRAMDYFPKIEINLSTRMDHMVSSFCIENCHRVESLSLGFLHNMPKEEEEEEKEGRHLDMVQCVLPSSSHAACSHGLVNSHLTSSFCRGLFSVLSTSQSLTELDLSDNSLGDPGMRVLCETLQHPGCNIRRLWLGRCGLSHECCFDISLVLSSNQKLVELDLSDNALGDFGIRLLCVGLKHLLCNLKKLWLVSCCLTSACCQDLASVLSTSHSLTRLYVGENALGDSGVAILCEKAKNPQCNLQKLGLVNSGLTSVCCSALSSVLSTNQNLTHLYLRGNTLGDKGIKLLCEGLLHPDCKLQVLELDNCNLTSHCCWDLSTLLTSSQSLRKLSLGNNDLGDLGVMMFCEVLKQQSCLLQNLGLSEMYFNYETKSALETLQEEKPELTVVFEPSW,"sp|Q96P20|NLRP3_HUMAN NACHT, LRR and PYD domains-containing protein 3 OS=Homo sapiens OX=9606 GN=NLRP3 PE=1 SV=3",SARS-CoV-2,1036
sp|Q9BYF1|ACE2_HUMAN,MSSSSWLLLSLVAVTAAQSTIEEQAKTFLDKFNHEAEDLFYQSSLASWNYNTNITEENVQNMNNAGDKWSAFLKEQSTLAQMYPLQEIQNLTVKLQLQALQQNGSSVLSEDKSKRLNTILNTMSTIYSTGKVCNPDNPQECLLLEPGLNEIMANSLDYNERLWAWESWRSEVGKQLRPLYEEYVVLKNEMARANHYEDYGDYWRGDYEVNGVDGYDYSRGQLIEDVEHTFEEIKPLYEHLHAYVRAKLMNAYPSYISPIGCLPAHLLGDMWGRFWTNLYSLTVPFGQKPNIDVTDAMVDQAWDAQRIFKEAEKFFVSVGLPNMTQGFWENSMLTDPGNVQKAVCHPTAWDLGKGDFRILMCTKVTMDDFLTAHHEMGHIQYDMAYAAQPFLLRNGANEGFHEAVGEIMSLSAATPKHLKSIGLLSPDFQEDNETEINFLLKQALTIVGTLPFTYMLEKWRWMVFKGEIPKDQWMKKWWEMKREIVGVVEPVPHDETYCDPASLFHVSNDYSFIRYYTRTLYQFQFQEALCQAAKHEGPLHKCDISNSTEAGQKLFNMLRLGKSEPWTLALENVVGAKNMNVRPLLNYFEPLFTWLKDQNKNSFVGWSTDWSPYADQSIKVRISLKSALGDKAYEWNDNEMYLFRSSVAYAMRQYFLKVKNQMILFGEEDVRVANLKPRISFNFFVTAPKNVSDIIPRTEVEKAIRMSRSRINDAFRLNDNSLEFLGIQPTLGPPNQPPVSIWLIVFGVVMGVIVVGIVILIFTGIRDRKKKNKARSGENPYASIDISKGENNPGFQNTDDVQTSF,sp|Q9BYF1|ACE2_HUMAN Angiotensin-converting enzyme 2 OS=Homo sapiens OX=9606 GN=ACE2 PE=1 SV=2,SARS-CoV-2,805
sp|Q9H2X3|CLC4M_HUMAN,MSDSKEPRVQQLGLLEEDPTTSGIRLFPRDFQFQQIHGHKSSTGCLGHGALVLQLLSFMLLAGVLVAILVQVSKVPSSLSQEQSEQDAIYQNLTQLKAAVGELSEKSKLQEIYQELTQLKAAVGELPEKSKLQEIYQELTRLKAAVGELPEKSKLQEIYQELTRLKAAVGELPEKSKLQEIYQELTRLKAAVGELPEKSKLQEIYQELTELKAAVGELPEKSKLQEIYQELTQLKAAVGELPDQSKQQQIYQELTDLKTAFERLCRHCPKDWTFFQGNCYFMSNSQRNWHDSVTACQEVRAQLVVIKTAEEQNFLQLQTSRSNRFSWMGLSDLNQEGTWQWVDGSPLSPSFQRYWNSGEPNNSGNEDCAEFSGSGWNDNRCDVDNYWICKKPAACFRDE,sp|Q9H2X3|CLC4M_HUMAN C-type lectin domain family 4 member M OS=Homo sapiens OX=9606 GN=CLEC4M PE=1 SV=1,SARS-CoV-2,399
sp|Q9IKD1|SPIKE_CVRSD,MLFVFLTLLPSCLGYIGDFRCINLVNTRISNARAPSVSTEVVDVSKGLGTYYVLDRVYLNATLLLTGYYPVDGSMYRNMALMGTNTLSLNWFEPPFLSEFNDGIYAKVKNLKASLPIGSASYFPTIIIGSNFVNTSYTVVLEPYNGIIMASICQYTICQLPHTDCKPNTGGNTLIGFWHTDLRPPVCILKRNFTFNVNAEWLYFHFYQQGGTFYAYYADVSSATTFLFSSYIGAVLTQYFVLPYMCSPTTSGVSSPQYWVTPLVKRQYLFNFNQKGIITSAVDCASSYTSEIKCKTQSMNPNTGVYDLSGYTVQPVGLVYRRVRNLPDCKIEEWLAANTVPSPLNWERKTFQNCNFNLSSLLRFVQAESLSCSNIDASKVYGMCFGSISIDKFAIPNSRRVDLQLGKSGLLQSFNYKIDTRATSCQLYYSLAQDNVTVINHNPSSWNRRYGFNDVATFHSGEHDVAYAEACFTVGASYCPCAKPSTVYSCVTGKPKSANCPTGTSNRECNVQASGFKSKCDCTCNPSPLTTYDPRCLQARSMLGVGDHCEGLGILEDKCGGSNICNCSADAFVGWAMDSCLSNARCHIFSNLMLNGINSGTTCSTDFQLPNTEVVTGVCVKYDLYGSTGQGVFKEVKADYYNSWQNLLYDVNGNLNGFRDIVTNKTYLLRSCYSGRVSAAYHQDAPEPALLYRNLKCDYVFNNNISREETPLNYFDSYLGCVINADNSTEQSVDACDLRMGSGLCVNYSIAHRARRSVSTGYKLTTFEPFTVSIVNDSVESVGGLYEMQIPTNFTIASHQEFIQTRSPKVTIDCAAFVCGDYTACRQQLVDYGSFCDNINAILGEVNNLIDTMQLQVASALIQGVTLSSRLADGISGQIDDINFSPLLGCLGSDCSEGTKAAQGRSAIEDVLFDKVKLSDVGFVESYNNCTGGQEVRDLLCVQSFNGIKVLPPVLSESQISGYTAGATASAMFPPWSAAAGVPFALSVQYRINGLGVTMNVLSENQKMIASSFNNAIGAIQEGFDATNSALAKIQSVVNANAEALNNLLNQLSNRFGAISASLQEILSRLDALEAQAQIDRLINGRLTALNAYVSKQLSDMTLIKVSAAQAIEKVNECVKSQSPRINFCGNGNHILSLVQNAPYGLYFIHFSYVPTSFTTVNVSPGLCISGDRGLAPKAGYFVQDHGEWKFTGSNYYYPESITDKNSVVMSSCAVNYTKAPEVFLNTSITNLPDFKEELDKWFKNQTSIVPDLSFDIGKLNVTFLDLSYEMNRIQDAIKNLNESYINLKEIGTYEMYVKWPWYVWLLIGLAGVAVCVLLFFICCCTGCGSCCFKKCGNCCDEYGGRQAGIVIHNISSHED,Spike glycoprotein,SARS-CoV-2,1360
sp|Q9NNX6|CD209_HUMAN,MSDSKEPRLQQLGLLEEEQLRGLGFRQTRGYKSLAGCLGHGPLVLQLLSFTLLAGLLVQVSKVPSSISQEQSRQDAIYQNLTQLKAAVGELSEKSKLQEIYQELTQLKAAVGELPEKSKLQEIYQELTRLKAAVGELPEKSKLQEIYQELTWLKAAVGELPEKSKMQEIYQELTRLKAAVGELPEKSKQQEIYQELTRLKAAVGELPEKSKQQEIYQELTRLKAAVGELPEKSKQQEIYQELTQLKAAVERLCHPCPWEWTFFQGNCYFMSNSQRNWHDSITACKEVGAQLVVIKSAEEQNFLQLQSSRSNRFTWMGLSDLNQEGTWQWVDGSPLLPSFKQYWNRGEPNNVGEEDCAEFSGNGWNDDKCNLAKFWICKKSAASCSRDEEQFLSPAPATPNPPPA,sp|Q9NNX6|CD209_HUMAN CD209 antigen OS=Homo sapiens OX=9606 GN=CD209 PE=1 SV=1,SARS-CoV-2,404
sp|Q9NRS4|TMPS4_HUMAN,MLQDPDSDQPLNSLDVKPLRKPRIPMETFRKVGIPIIIALLSLASIIIVVVLIKVILDKYYFLCGQPLHFIPRKQLCDGELDCPLGEDEEHCVKSFPEGPAVAVRLSKDRSTLQVLDSATGNWFSACFDNFTEALAETACRQMGYSSKPTFRAVEIGPDQDLDVVEITENSQELRMRNSSGPCLSGSLVSLHCLACGKSLKTPRVVGVEEASVDSWPWQVSIQYDKQHVCGGSILDPHWVLTAAHCFRKHTDVFNWKVRAGSDKLGSFPSLAVAKIIIIEFNPMYPKDNDIALMKLQFPLTFSGTVRPICLPFFDEELTPATPLWIIGWGFTKQNGGKMSDILLQASVQVIDSTRCNADDAYQGEVTEKMMCAGIPEGGVDTCQGDSGGPLMYQSDQWHVVGIVSWGYGCGGPSTPGVYTKVSAYLNWIYNVWKAEL,sp|Q9NRS4|TMPS4_HUMAN Transmembrane protease serine 4 OS=Homo sapiens OX=9606 GN=TMPRSS4 PE=1 SV=2,SARS-CoV-2,437
sp|Q9NUM4|T106B_HUMAN,MGKSLSHLPLHSSKEDAYDGVTSENMRNGLVNSEVHNEDGRNGDVSQFPYVEFTGRDSVTCPTCQGTGRIPRGQENQLVALIPYSDQRLRPRRTKLYVMASVFVCLLLSGLAVFFLFPRSIDVKYIGVKSAYVSYDVQKRTIYLNITNTLNITNNNYYSVEVENITAQVQFSKTVIGKARLNNITIIGPLDMKQIDYTVPTVIAEEMSYMYDFCTLISIKVHNIVLMMQVTVTTTYFGHSEQISQERYQYVDCGRNTTYQLGQSEYLNVLQPQQ,sp|Q9NUM4|T106B_HUMAN Transmembrane protein 106B OS=Homo sapiens OX=9606 GN=TMEM106B PE=1 SV=2,SARS-CoV-2,274
sp|Q9QAQ8|SPIKE_CVBOK,MFLILLISLPTAFAVIGDLKCTTVSINDVDTGVPSISTDTVDVTNGLGTYYVLDRVYLNTTLLLNGYYPTSGSTYRNMALKGTLLLSTLWFKPPFLSDFTNGIFAKVKNTKVIKDGVKYSEFPAITIGSTFVNTSYSVVVQPHTTNLDNKLQGLLEISVCQYTMCEYPNTICNPNLGNQRVELWHWDTGVVSCLYKRNFTYDVNADYLYFHFYQEGGTFYAYFTDTGVVTKFLFNVYLGTVLSHYYVMPLTCNSAMTLEYWVTPLTSKQYLLAFNQDGVIFNAVDCKSDFMSEIKCKTLSIAPSTGVYELNGYTVQPIADVYRRIPNLPDCNIEAWLNDKSVPSPLNWERKTFSNCNFNMSSLMSFIQADSFTCNNIDAAKIYGMCFSSITIDKFAIPNGRKVDLQLGNLGYLQSFNYRIDTTATSCQLYYNLPAANVSVSRFNPSIWNRRFGFTEQSVFKPQPAGVFTDHDVVYAQHCFKAPTNFCPCKLDGSLCVGSGSGIDAGYKNTGIGTCPAGTNYLTCHNAAQCGCLCTPDPITSKATGPYKCPQTKYLVGIGEHCSGLAIKSDYCGGNPCSCRPQAFLGWSVDSCLQGDRCNIFANFILHDVNSGTTCSTDLQKSNTDIILGVCVNYDLYGITGQGIFVEVNATYYNSWQNLLYDSNGNLYGFRDYLTNRTFMIRSCYSGRVSAAFHANSSEPALLFRNIKCNYVFNNTLSRQLQPINYFDSYLGCVVNADNSTSSVVQTCDLTVGSGYCVDYSTKRRSRRSITTGYRFTNFEPFTVNSVNDSLEPVGGLYEIQIPSEFTIGNMEEFIQTSSPKVTIDCSAFVCGDYAACKSQLVEYGSFCDNINAILTEVNELLDTTQLQVANSLMNGVTLSTKLKDGVNFNVDDINFSPVLGCLGSDCNKVSSRSAIEDLLFSKVKLSDVGFVEAYNNCTGGAEIRDLICVQSYNGIKVLPPLLSENQISGYTLAATSASLFPPWSAAAGVPFYLNVQYRINGIGVTMDVLSQNQKLIANAFNNALGAIQEGFDATNSALVKIQAVVNANAEALNNLLQQLSNRFGAISSSLQEILSRLDALEAQAQIDRLINGRLTALNAYVSQQLSDSTLVKFSAAQAMEKVNECVKSQSSRINFCGNGNHIISLVQNAPYGLYFIHFSYVPTKYVTAKVSPGLCIAGDRGIAPKSGYFVNVNNTWMFTGSGYYYPEPITGNNVVVMSTCAVNYTKAPDVMLNISTPNLPDFKEELDQWFKNQTSVAPDLSLDYINVTFLDLQDEMNRLQEAIKVLNQSYINLKDIGTYEYYVKWPWYVWLLIGFAGVAMLVLLFFICCCTGCGTSCFKKCGGCCDDYTGHQELVIKTSHDD,Spike glycoprotein,SARS-CoV-2,1363
sp|Q9QAR5|SPIKE_CVBLS,MFLILLISLPTAFAVIGDLKCTTVSINDVDTGVPSISTDTVDVTNGLGTYYVLDRVYLNTTLLLNGYYPTSGSTYRNMALKGTLLLSTLWFKPPFLSDFTNGIFAKVKNTKVIKDGVKYSEFPAITIGSTFVNTSYSVVVQPHTTNLDNKLQGLLEISVCQYTMCEYPNTICNPNLGNQRVELWHWDTGVVSCLYKRNFTYDVNADYLYFHFYQEGGTFYAYFTDTGVVTKFLFNVYLGTVLSHYYVMPLTCNSALTLEYWVTPLTSKQYLLAFNQDGVIFNAVDCKSDFMSEIKCKTLSIAPSTGVYELNGYTVQPIADVYRRIPNLPDCNIEAWLNDKSVPSPLNWERKTFSNCNFNMSSLMSFIQADSFTCNNIDAAKIYGMCFSSITIDKFAIPNGRKVDLQLGNLGYLQSFNYRIDTTATSCQLYYNLPAANVSVSRFNPSTWNRRFGFTEQSVFKPQPAGVFTDHDVVYAQHCFKAPTNFCPCKLDGSLCVGSGSGIDAGYKNTGIGTCPAGTNYLTCHNAAQCGCLCTPDPITSKATGPYKCPQTKYLVGIGEHCSGLAIKSDYCGGNPCSCQPQAFLGWSVDSCLQGDRCNIFANFILHDVNSGTTCSTDLQKSNTDIILGVCVNYDLYGITGQGIFVEVNATYYNSWQNLLYDSNGNLYGFRDYLTNRTFMIRSCYSGRVSAAFHANSSEPALLFRNFKCNYVFNNTLSRQLQPINYFDSYLGCVVNADNSTSSVVQTCDLTVGSGYCVDYSTKRRSRRSITTGYRFTNFEPFTVNSVNDSLEPVGGLYEIQIPSEFTIGNMEEFIQTSSPKVTIDCSAFVCGDYAACKSQLVEYGSFCDNINAILTEVNELLDTTQLQVANSLMNGVTLSTKLKDGVNFNVDDINFSPVLGCLGSDCNKVSSRSAIEDLLFSKVKLSDVGFVEAYNNCTGGAEIRDLICVQSYNGIKVLPPLLSENQISGYTLAATSASLFPPWSAAAGVPFYLNVQYRINGIGVTMDVLSQNQKLIANAFNNALGAIQEGFDATNSALVKIQAVVNANAEALNNLLQQLSNRFGAISSSLQEILSRLDALEAQAQIDRLINGRLTALNAYVSQQLSDSTLVKFSAAQAMEKVNECVKSQSSRINFCGNGNHIISLVQNAPYGLYFIHFSYVPTKYVTAKVSPGLCIAGDRGIAPKSGYFVNVNNTWMFTGSGYYYPEPITGNNVVVMSTCAVNYTKAPDVMLNISTPNLPDFKEELDQWFKNQTSVAPDLSLDYINVTFLDLQDEMNRLQEAIKVLNQSYINLKDIGTYEYYVKWPWYVWLLIGFAGVAMLVLLFFICCCTGCGTSCFKKCGGCCDDYTGHQELVIKTSHDD,Spike glycoprotein,SARS-CoV-2,1363
sp|Q9UBF8|PI4KB_HUMAN,MGDTVVEPAPLKPTSEPTSGPPGNNGGSLLSVITEGVGELSVIDPEVAQKACQEVLEKVKLLHGGVAVSSRGTPLELVNGDGVDSEIRCLDDPPAQIREEEDEMGAAVASGTAKGARRRRQNNSAKQSWLLRLFESKLFDISMAISYLYNSKEPGVQAYIGNRLFCFRNEDVDFYLPQLLNMYIHMDEDVGDAIKPYIVHRCRQSINFSLQCALLLGAYSSDMHISTQRHSRGTKLRKLILSDELKPAHRKRELPSLSPAPDTGLSPSKRTHQRSKSDATASISLSSNLKRTASNPKVENEDEELSSSTESIDNSFSSPVRLAPEREFIKSLMAIGKRLATLPTKEQKTQRLISELSLLNHKLPARVWLPTAGFDHHVVRVPHTQAVVLNSKDKAPYLIYVEVLECENFDTTSVPARIPENRIRSTRSVENLPECGITHEQRAGSFSTVPNYDNDDEAWSVDDIGELQVELPEVHTNSCDNISQFSVDSITSQESKEPVFIAAGDIRRRLSEQLAHTPTAFKRDPEDPSAVALKEPWQEKVRRIREGSPYGHLPNWRLLSVIVKCGDDLRQELLAFQVLKQLQSIWEQERVPLWIKPYKILVISADSGMIEPVVNAVSIHQVKKQSQLSLLDYFLQEHGSYTTEAFLSAQRNFVQSCAGYCLVCYLLQVKDRHNGNILLDAEGHIIHIDFGFILSSSPRNLGFETSAFKLTTEFVDVMGGLDGDMFNYYKMLMLQGLIAARKHMDKVVQIVEIMQQGSQLPCFHGSSTIRNLKERFHMSMTEEQLQLLVEQMVDGSMRSITTKLYDGFQYLTNGIM,sp|Q9UBF8|PI4KB_HUMAN Phosphatidylinositol 4-kinase beta OS=Homo sapiens OX=9606 GN=PI4KB PE=1 SV=1,SARS-CoV-2,816
sp|Q9ULC8|ZDHC8_HUMAN,MPRSPGTRLKPAKYIPVATAAALLVGSSTLFFVFTCPWLTRAVSPAVPVYNGIIFLFVLANFSMATFMDPGVFPRADEDEDKEDDFRAPLYKNVDVRGIQVRMKWCATCHFYRPPRCSHCSVCDNCVEDFDHHCPWVNNCIGRRNYRYFFLFLLSLSAHMVGVVAFGLVYVLNHAEGLGAAHTTITMAVMCVAGLFFIPVIGLTGFHVVLVTRGRTTNEQVTGKFRGGVNPFTRGCCGNVEHVLCSPLAPRYVVEPPRLPLAVSLKPPFLRPELLDRAAPLKVKLSDNGLKAGLGRSKSKGSLDRLDEKPLDLGPPLPPKIEAGTFSSDLQTPRPGSAESALSVQRTSPPTPAMYKFRPAFPTGPKVPFCGPGEQVPGPDSLTLGDDSIRSLDFVSEPSLDLPDYGPGGLHAAYPPSPPLSASDAFSGALRSLSLKASSRRGGDHVALQPLRSEGGPPTPHRSIFAPHALPNRNGSLSYDSLLNPGSPGGHACPAHPAVGVAGYHSPYLHPGATGDPPRPLPRSFSPVLGPRPREPSPVRYDNLSRTIMASIQERKDREERERLLRSQADSLFGDSGVYDAPSSYSLQQASVLSEGPRGPALRYGSRDDLVAGPGFGGARNPALQTSLSSLSSSVSRAPRTSSSSLQADQASSNAPGPRPSSGSHRSPARQGLPSPPGTPHSPSYAGPKAVAFIHTDLPEPPPSLTVQRDHPQLKTPPSKLNGQSPGLARLGPATGPPGPSASPTRHTLVKKVSGVGGTTYEISV,sp|Q9ULC8|ZDHC8_HUMAN Palmitoyltransferase ZDHHC8 OS=Homo sapiens OX=9606 GN=ZDHHC8 PE=1 SV=3,SARS-CoV-2,765
sp|Q9Y2I7|FYV1_HUMAN,MATDDKTSPTLDSANDLPRSPTSPSHLTHFKPLTPDQDEPPFKSAYSSFVNLFRFNKERAEGGQGEQQPLSGSWTSPQLPSRTQSVRSPTPYKKQLNEELQRRSSALDTRRKAEPTFGGHDPRTAVQLRSLSTVLKRLKEIMEGKSQDSDLKQYWMPDSQCKECYDCSEKFTTFRRRHHCRLCGQIFCSRCCNQEIPGKFMGYTGDLRACTYCRKIALSYAHSTDSNSIGEDLNALSDSACSVSVLDPSEPRTPVGSRKASRNIFLEDDLAWQSLIHPDSSNTPLSTRLVSVQEDAGKSPARNRSASITNLSLDRSGSPMVPSYETSVSPQANRTYVRTETTEDERKILLDSVQLKDLWKKICHHSSGMEFQDHRYWLRTHPNCIVGKELVNWLIRNGHIATRAQAIAIGQAMVDGRWLDCVSHHDQLFRDEYALYRPLQSTEFSETPSPDSDSVNSVEGHSEPSWFKDIKFDDSDTEQIAEEGDDNLANSASPSKRTSVSSFQSTVDSDSAASISLNVELDNVNFHIKKPSKYPHVPPHPADQKEYLISDTGGQQLSISDAFIKESLFNRRVEEKSKELPFTPLGWHHNNLELLREENGEKQAMERLLSANHNHMMALLQQLLHSDSLSSSWRDIIVSLVCQVVQTVRPDVKNQDDDMDIRQFVHIKKIPGGKKFDSVVVNGFVCTKNIAHKKMSSCIKNPKILLLKCSIEYLYREETKFTCIDPIVLQEREFLKNYVQRIVDVRPTLVLVEKTVSRIAQDMLLEHGITLVINVKSQVLERISRMTQGDLVMSMDQLLTKPHLGTCHKFYMQIFQLPNEQTKTLMFFEGCPQHLGCTIKLRGGSDYELARVKEILIFMICVAYHSQLEISFLMDEFAMPPTLMQNPSFHSLIEGRGHEGAVQEQYGGGSIPWDPDIPPESLPCDDSSLLELRIVFEKGEQENKNLPQAVASVKHQEHSTTACPAGLPCAFFAPVPESLLPLPVDDQQDALGSEQPETLQQTVVLQDPKSQIRAFRDPLQDDTGLYVTEEVTSSEDKRKTYSLAFKQELKDVILCISPVITFREPFLLTEKGMRCSTRDYFAEQVYWSPLLNKEFKEMENRRKKQLLRDLSGLQGMNGSIQAKSIQVLPSHELVSTRIAEHLGDSQSLGRMLADYRARGGRIQPKNSDPFAHSKDASSTSSGQSGSKNEGDEERGLILSDAVWSTKVDCLNPINHQRLCVLFSSSSAQSSNAPSACVSPWIVTMEFYGKNDLTLGIFLERYCFRPSYQCPSMFCDTPMVHHIRRFVHGQGCVQIILKELDSPVPGYQHTILTYSWCRICKQVTPVVALSNESWSMSFAKYLELRFYGHQYTRRANAEPCGHSIHHDYHQYFSYNQMVASFSYSPIRLLEVCVPLPKIFIKRQAPLKVSLLQDLKDFFQKVSQVYVAIDERLASLKTDTFSKTREEKMEDIFAQKEMEEGEFKNWIEKMQARLMSSSVDTPQQLQSVFESLIAKKQSLCEVLQAWNNRLQDLFQQEKGRKRPSVPPSPGRLRQGEESKISAMDASPRNISPGLQNGEKEDRFLTTLSSQSSTSSTHLQLPTPPEVMSEQSVGGPPELDTASSSEDVFDGHLLGSTDSQVKEKSTMKAIFANLLPGNSYNPIPFPFDPDKHYLMYEHERVPIAVCEKEPSSIIAFALSCKEYRNALEELSKATQWNSAEEGLPTNSTSDSRPKSSSPIRLPEMSGGQTNRTTETEPQPTKKASGMLSFFRGTAGKSPDLSSQKRETLRGADSAYYQVGQTGKEGTENQGVEPQDEVDGGDTQKKQLINPHVELQFSDANAKFYCRLYYAGEFHKMREVILDSSEEDFIRSLSHSSPWQARGGKSGAAFYATEDDRFILKQMPRLEVQSFLDFAPHYFNYITNAVQQKRPTALAKILGVYRIGYKNSQNNTEKKLDLLVMENLFYGRKMAQVFDLKGSLRNRNVKTDTGKESCDVVLLDENLLKMVRDNPLYIRSHSKAVLRTSIHSDSHFLSSHLIIDYSLLVGRDDTSNELVVGIIDYIRTFTWDKKLEMVVKSTGILGGQGKMPTVVSPELYRTRFCEAMDKYFLMVPDHWTGLGLNC,sp|Q9Y2I7|FYV1_HUMAN 1-phosphatidylinositol 3-phosphate 5-kinase OS=Homo sapiens OX=9606 GN=PIKFYVE PE=1 SV=3,SARS-CoV-2,2098
sp|Q9Y397|ZDHC9_HUMAN,MSVMVVRKKVTRKWEKLPGRNTFCCDGRVMMARQKGIFYLTLFLILGTCTLFFAFECRYLAVQLSPAIPVFAAMLFLFSMATLLRTSFSDPGVIPRALPDEAAFIEMEIEATNGAVPQGQRPPPRIKNFQINNQIVKLKYCYTCKIFRPPRASHCSICDNCVERFDHHCPWVGNCVGKRNYRYFYLFILSLSLLTIYVFAFNIVYVALKSLKIGFLETLKETPGTVLEVLICFFTLWSVVGLTGFHTFLVALNQTTNEDIKGSWTGKNRVQNPYSHGNIVKNCCEVLCGPLPPSVLDRRGILPLEESGSRPPSTQETSSSLLPQSPAPTEHLNSNEMPEDSSTPEEMPPPEPPEPPQEAAEAEK,sp|Q9Y397|ZDHC9_HUMAN Palmitoyltransferase ZDHHC9 OS=Homo sapiens OX=9606 GN=ZDHHC9 PE=1 SV=2,SARS-CoV-2,364
sp|P0DO37|CP179_ORIVU,MDISISWVVIIVSVLSYLILMDKWRAAKLPKNIPPGPPKLPSIGHLHLLRGGLPQHLLRGITQQYGPVAHVQLGELFSVVLSSTEAARQAMKVLDPNFADRFVDIGSRIMWYDSEDIIFSRYNDHWRQIRKICVSELLSPKNVRSLGYIRQDEMASLIRLFESSEGKPVNVSEEISKTVCTIVSRVAFGSAVKDQSLLLNLVKESLRMASGFELADLFPSSWLLNLLCFNKYRLWRMRARLDNFLDGFLEEHRVKKSGEFGGEDIIDVLYRMQKDSQMKVPITNNGIKGFIYDVFSAGTDTSAATILWALSELTRYPEKMAKAPAEVRESLKGKTSVDLTEVHELKYLRSVVKEALRLHPPFPMTPRLCVQESEVTGYTIPANTRILINVWSIGRDPLYWEDPDTFNPDRYDEVPRDIIGNDFELIPFGSGRRICPGLHFGLANIEVPLAQLLYHFDWKLPPGMTAADIDMTEKTGLSGPRKNPLILVPIIHNPTS,sp|P0DO37|CP179_ORIVU Cytochrome P450 71D179 OS=Origanum vulgare OX=39352 GN=CYP71D179 PE=1 SV=1,SARS-CoV-2,496
sp|P0DO40|CP180_ORIMA,MDISISWVVIIVFVLSYLILMDKWRASKLPGNPPPSPPKLPVIGHLHLLRGGLPQHVLRGITQKYGAVAHLQLGEVHSVVLSSAESTKQAMKVLDPTFADRFDSIGSQIMWHNNDDMIFSRYNDHWRQIRKICVSELLSPRNVRSFGFIRQDEMARLIRVFESSEGAAINASEEISKMSCAIVSRAAFGSVLKDQGKLADLVKEALSMASGFELADLYPSSWLLNLLCVNKYRLQRMRGRLDNILDGFLEEHKVKKSGEFGGEDIVDVLYRMQKDTEMKAPITNNGIKGFIFDVFSAGTETSATTIQWALSELMKNPEKMVKAQAEVREKLKGKTNPDVADVQELKYLHSVVKETLRLHPPFPLIPRLCKEECEVTGYTIPAKTRTLVNVWSIGRDPAYWKDPDTFNPDRFDEVSRDVIGNDFELIPFGAGRRVCPGLHFGLANVEVPLAQLLYHFDYKLPSAMTAADMDMSETPGLSGPRKNPLIMIPTIHNPTS,sp|P0DO40|CP180_ORIMA Cytochrome P450 71D180 OS=Origanum majorana OX=268884 GN=CYP71D180 PE=1 SV=1,SARS-CoV-2,496
sp|R4JGL8|GTPSB_THYCA,MATLSMQVSILSKQVKNLNSFGMRASKLPMVARRVDVSTTRLRPICSASLQVEEETRRSGNYQASIWDNDFIQSFNTNKYRDEKHLNRKEELIAQVKVLLNTKMEAVKQLELIDDLRNLGLTYYFQDEFKKILTCIYNDHKCFKNEQVGDLYFTSLGFRLLRLHGFDVSEDVFSFFKNEDGSDFKASLGENTKDVLQLYEASFLVRVGEVTLEQARVFSTKILEKKVDEGINDEKLLAWIQHSLALPLHWRIQRLEARWFLDAYAARKDMNPLIFELGKIDFHIIQETQLEEVQEVSRWWTNSNLAEKLPFVRDRIVECYFWALGLFEPHEYGYQRKMAAIIITFVTIIDDVYDVYGTLDELQLFTDAIRKWDFESISTLPYYMQVCYLALYTYASELAYDILKDQGFNSISYLQRSWLSLVEGFFQEAKWYYAGYTPTLAEYLENAKVSISSPTIISQVYFTLPNSTERTVVENVYGYHNILYLSGMILRLADDLGTTQFELKRGDVQKAIQCYMKDNNATEKEGQEHVKYLLLEAWKEMNTAMADPDCPLSEDLVDAAANLGRASQFIYLEGDGHGVQHSEIHNQMGGLIFEPYV,"sp|R4JGL8|GTPSB_THYCA Gamma-terpinene synthase, chloroplastic OS=Thymus caespititius OX=751871 GN=TPS2 PE=1 SV=2",SARS-CoV-2,597
sp|R4JND9|GTPS3_THYCA,MATLSMQVSILSKQVKNLNSFGMRASKLPMVARRVDVSTTRLRPICSASLQVEEETRRSGNYQASIWDNAFIQSFNTNKYRDEKHLNRKEELIAQVKVLLNTKMEAVKQLELIDDLRNLGLTYYFQDEFKKILTCIYNDHKCFKNEQVGDLYFTSLGFRLLRLHGFDVSEDVFSFFKNEDGSDFKASLGENTKDVLQLYEASFPIRVGEVTLEQARVFSTKILEKKVDEGINDEKLLAWIQHSLALPLHWRIQRLEARWFLDAYAARKDMNPLIFELGKIDFHIIQETQLEEVQEVSRWWTNSNLAEKLPFVRDRIVECYFWALGLFEPHEYGYQRKMAAIIITFVTIIDDVYDVYGTLDELQLFTDAIRKWDLESISTLPYYMQVCYLALYTYASELAYDILKDQGFNSISYLQRSWLSLVEGFFQEAKWYYAGYTPTLAEYLENAKVSISSPTIISQVYFTLPNSNEGTVVENVYGYHNMLYLSGMILRLADDLGTTQFELKRGDVQKAIQCYMKDNNATEKEGQEHVKYLLREAWKEMNTAMADPDCPLSEDLVDAAANLGRASQFIYLEGDGHGVQHSEIHNQMGGLIFEPYV,"sp|R4JND9|GTPS3_THYCA Gamma-terpinene synthase, chloroplastic OS=Thymus caespititius OX=751871 GN=TPS2 PE=1 SV=1",SARS-CoV-2,597
sp|R4JQT5|GTPSC_THYCA,MATLSMQVSILNKQLKNLNSFGMRASKLPLVARRVDVSTTRLRPICSASQQVEEETRRSGNYQASIWDNAFIQSFNTNKYRDEKHLNRKEELIAQVKVLLNTKMEAVKQLELIDDLRNLGLTYYFQDEFKKILTCIYNDHKCFKNEQVGDLYFTSLGFRLLRLHGFDVSEEVFSFFKNEDGSDFKASLGENTKDVLQLYEASFLVRVGEVTLEQARVFSTKILEKKVDEGINDEKLLAWIQHSLALPLHWRIQRLEARWFLDAYAARKDMNPLIFELGKIDFHIIQETQLEEVQEVSRWWTNSNLAEKLPFVRDRIVECYFWALGLFEPHEYGYQRKMAAIIITFVTIIDDVYDVYGTLDELQLFTDAIRKWDFESISTLPYYMQVCYLALYTYASELAYDILKDQGFNSISYLQRSWLSLVEGFFQEAKWYYAGYTPTLAEYLENAKVSISSPTIISQVYFTLPNSTERTVVENVYGYHNILYLSGMILRLADDLGTTQFELKRGDVQKAIQCYMKDNNATEKEGQEHVKYLLLEAWKEMNTAMADPDCPLSEDLVDAAANLGRASQFIYLEGDGHGVQHSEIHNQMGGLIFEPYV,"sp|R4JQT5|GTPSC_THYCA Gamma-terpinene synthase, chloroplastic OS=Thymus caespititius OX=751871 GN=TPS2 PE=1 SV=2",SARS-CoV-2,597
sp|A0A159AKG3|CP182_THYVU,MDISISWVVIIVSVLSYLILMDKWRAAKLPKNIPPGPPKLPLIGHLHLLRGGLPQHLLRGITQKYGPVAHVQLGELFSVVLSSTEAARQAMKVLDPNFADRFVNIGSRIMWYDSEDIIFSRYNDHWRQIRKICVSELLSPKNVRSFGYIRQDEMARLIRLFESSEGKPVNVSEEISKTVCTIVSRVAFGSAVKDQSLLMNLVKESLRMASGFELADVFPSSWLLNLLCFNKYRLWRMRARLDKFLDGFLAEHRVKKSGEFGGEDIIDVLYRMQEDSETKVPITNNGIKGFIYDVFSAGTDTSGATILWALSELMRYPEKMAKAQAEVRETLKGKTNVDMAEVHELKYLRSVVKEALRLHPPFPMIPRLCVQESEVTGYTIPANTRILINVWSIGRDPLYWEDPDTFNPDRYDEVPRDIIGNDFELIPFGSGRRICPGLHFGLANIEVPLAQLLYHFDWKLPPGMTAADIDMTEKTGLSGPRKNPLILVPIIHNPTS,sp|A0A159AKG3|CP182_THYVU Cytochrome P450 71D182 OS=Thymus vulgaris OX=49992 GN=CYP71D182 PE=1 SV=2,SARS-CoV-2,496
sp|C0HMD8|CVNH_DIDMO,TGDFSKSCYGSSVSGSTLSSTCYKADGYTPNPTSINLNPYIENVDGVLKWQPGNFIETCRNTELAGPSLMAAQCLTRDQRLVPAEINLDDHIANINGVLKFE,sp|C0HMD8|CVNH_DIDMO Cyanovirin-N homolog OS=Didemnum molle OX=322843 PE=1 SV=1,SARS-CoV-2,102
sp|P0DO36|CP179_THYVU,MDISISWVVIIVSVLSYLILMDKWRAAKLPKNIPPGPPKLPLIGHLHLLRGGLPQHLLRGITQKYGPVAHVQLGELFSVVLSSTEAARQAMKVLDPNFADRFVNIGSRIMWYDSEDIIFSRYNDHWRQIRKICVSELLSPKNVRSFGYIRQDEMASLIRLFESSEGKPVNVSEEISKTVCTIVSRVAFGSAVKDQSLLLNLVKESLRMASGFELADLFPSSWLLNLLCFNKYRLWRMRARLDNFLDGFLEEHRVKKSGEFGGEDIIDVLYRMQKDSQMKVPITNNGIKGFIYDVFSAGTDTSAATILWALSELMRYPEKMAKAQAEVRESLKGKTNVDLTEVHELKYLRSVVKEALRLHPPFPMIPRLCVQESEVTGYTIPANTRILINVWSIGRDPLYWEDPDTFNPDRYDEVPRDIIGNDFELIPFGSGRRICPGLHFGLANIEVPLAQLLYHFDWKLPPGMTAADIDMTEKTGLSGPRKNPLILVPIIHNPTS,sp|P0DO36|CP179_THYVU Cytochrome P450 71D179 OS=Thymus vulgaris OX=49992 GN=CYP71D179 PE=1 SV=1,SARS-CoV-2,496
